id,answerable,query,response,status_code,time_taken_sec
1,answerable,What's the best diet to lower my A1C?,"Okay, Peter, let’s talk about this – and let’s tackle this really proactively, which is fantastic of you. It's wonderful that you're focusing on preventing diabetes at 39, and I want to reassure you that we can absolutely work together to build a sustainable eating plan that will make a real difference. 

Based on what we know about your profile – you’re a healthy weight, moderately active, and you enjoy things like bananas and chicken – we can absolutely create a strategy that aligns with your tastes and helps keep your A1C in check. 

Let’s look at the research, which strongly suggests a Mediterranean-style diet is a brilliant starting point for you. It’s consistently shown to be effective in reducing the risk of developing type 2 diabetes. 

**Here's what we’re focusing on, tailored to *you*, Peter:**

1.  **Plant-Based Power:** We’re going to build your meals around a foundation of colorful vegetables, beans, fruits (like those bananas you love!), and whole grains. Think lots of leafy greens, colorful peppers, and incorporating beans into your dishes – they’re fantastic for keeping your blood sugar stable.

2.  **Lean Protein Choices:** You mentioned chicken – that’s a great choice! We’ll focus on lean cuts and preparing it in healthy ways. Fish and seafood are also excellent sources of protein and beneficial for your overall health.

3.  **Smart Carbohydrates:**  We’ll be mindful of the type of carbs you’re consuming. Whole grains are key – think brown rice, quinoa, or whole-wheat bread (in moderation, of course). 

4. **Reducing Processed Foods & Sugar:** This is crucial, especially given you enjoy some processed snacks and sugary drinks. We’ll work on swapping those for healthier options. 

5. **Dairy in Moderation:** You can include low to moderate amounts of yogurt and cheese, which can be part of a healthy diet.

**Let's address some specifics, keeping your preferences in mind:**

*   **Bananas:** You love bananas – that's fantastic! They’re a good source of potassium and fiber, which is perfect. Just be mindful of portion sizes.
*   **Avoiding the Negatives:** We’ll definitely minimize processed snacks, sugary drinks, and anything with added sugars. 

**Important Notes:**

*   **Fat Intake:** We'll aim for a total fat intake of around 30% of your daily calories, and keep saturated fat under 10%.
*   **Consistency is Key:** The biggest factor in achieving long-term success is consistency. Small, sustainable changes are far more effective than drastic, short-term diets.

**Moving Forward:**

I'd like to schedule a follow-up appointment to discuss this in more detail. We can also talk about practical strategies for meal planning, grocery shopping, and making healthier choices when you're eating out. 

**Disclaimer:** *Please remember, I am an AI assistant and not a registered dietitian or physician. This information is for general knowledge and informational purposes only, and does not constitute medical advice. It is essential to consult with a qualified healthcare professional for personalized medical advice and treatment.* 

Do you have any questions about what we've discussed so far, Peter? Would you like to start thinking about some sample meals we could build together?",200,69.748
2,answerable,Can losing weight help reverse my type 2 diabetes?,"Okay, Peter, let’s talk about this – it’s fantastic that you’re being so proactive about preventing type 2 diabetes. It's really smart of you to be thinking about this now at 39, and I want you to know that you're taking a really positive step. 

Based on what we’ve discussed and the research I’ve reviewed, the good news is that weight loss *can* absolutely play a significant role in preventing or even potentially reversing type 2 diabetes. The research, including studies like the UK Prospective Diabetes Study (UKPDS), shows a really clear connection between weight loss and improvements in blood sugar levels – the more you lose, the better the results tend to be.

Now, let's be realistic. The research isn’t saying a small amount of weight loss is *useless*; it’s just that the biggest benefits come from aiming for a more substantial reduction. The UKPDS, and other studies, have shown that a weight loss of 15% – if you can achieve it safely and sustainably – is associated with even greater improvements in managing your blood sugar.

Given your current weight of 79kg (around 174 lbs) and your height, you're already within a healthy BMI range, but a targeted 15% loss would represent a significant shift. 

**Here's what I'm thinking, based on what you’ve told me about your habits and preferences:**

*   **Focusing on 15%:** Let's aim for a realistic and sustainable weight loss of around 12-15kg, which would be a really significant step.
*   **Your Likes & Dislikes:**  You enjoy bananas and chicken – excellent choices! We can certainly build meals around those. We’ll definitely want to incorporate more whole, unprocessed foods. 
*   **Addressing the Snacks:** You mentioned some processed snacks and sugary drinks. These can be tricky. We can work on finding healthier swaps – perhaps fruit for a sweet craving, or exploring some lower-sugar drink options. 
*   **Activity:** You’re already moderately active, which is fantastic. We can explore ways to slightly increase this if you're comfortable - even small changes can make a difference.

**Important Note:** *I want to emphasize that I’m not a doctor and can’t give medical advice. It’s absolutely crucial that you discuss any significant dietary changes with your physician.* They can monitor your progress and ensure it’s safe and appropriate for your individual health needs.

**Next Steps:** 

I’d like to work with you to develop a personalized plan that takes your likes and dislikes into account. We could start by looking at small, achievable changes you can make this week. How does that sound? Would you be open to discussing some specific strategies, like perhaps aiming to reduce your sugary drink intake by half this week? 

Don’t worry about getting this perfect right away. It’s a journey, and we’ll take it one step at a time. You’ve already taken a huge first step by recognizing this and wanting to make a change – you're doing amazing!

Would you like to schedule a follow-up to discuss this in more detail, or do you have any immediate questions?",200,62.91
3,answerable,Is it okay to drink alcohol if I have diabetes?,"Okay, Peter, let’s talk about this – it’s fantastic that you’re being so proactive about your health and looking into how alcohol might fit into your life, especially considering your goal of preventing diabetes. It’s really smart of you to think about this carefully.

Now, the good news is that, in *moderate* amounts, alcohol can actually have some surprisingly positive effects for people with diabetes, much like the research suggests. Studies have shown that a single drink – like 12 ounces of beer, 5 ounces of wine, or 1.5 ounces of spirits – can actually improve insulin sensitivity and even stabilize blood sugar levels in some people with type 1 or type 2 diabetes. 

However, and this is *very* important, it’s a delicate balance. Because alcohol can have a significant impact on your body, especially your blood glucose, we need to be incredibly mindful.

**Here's what we need to be aware of:**

*   **Hypoglycemia Risk:** This is probably the biggest concern. Alcohol can interfere with your liver's ability to release glucose when your blood sugar is low, potentially making low blood sugar (hypoglycemia) more likely if you don't eat something at the same time. It’s crucial to monitor your blood glucose levels closely after drinking – perhaps even more so than usual – to see how your body reacts. 

*   **Individual Variation:** Everyone responds differently. What might be a safe amount for one person could cause a significant drop in blood sugar in another. 

*   **Combining with Food:** *Always* drink alcohol with food. The food will help slow down the absorption of alcohol into your bloodstream, which in turn will help mitigate the risk of hypoglycemia. Given that you enjoy bananas, those would be a great addition to a meal while you’re enjoying an alcoholic beverage.

**My advice for you, Peter, given your goals and preferences:**

1.  **Start Slowly:** If you choose to drink, begin with a very small amount – maybe just half a drink – and see how you feel.
2.  **Monitor, Monitor, Monitor:** I cannot stress this enough. Regularly check your blood glucose levels before, during, and after drinking.
3.  **Prioritize Food:** As I mentioned, always pair your drink with a substantial meal, especially one with complex carbohydrates like bananas, which you enjoy.
4.  **Talk to Your Doctor:** It's absolutely essential that you discuss your alcohol consumption with your doctor or diabetes educator. They can give you personalized advice based on your specific situation and help you manage any potential risks.

**Important Note:** I'm an AI and cannot replace the advice of a qualified healthcare professional.

Do you want to talk a bit more about how you might approach this, perhaps focusing on specific types of alcoholic beverages or how to incorporate this into your meals?",200,56.906
4,answerable,Will intermittent fasting help my blood sugar?,"Okay, Peter, let’s talk about intermittent fasting and how it might help you with your goal of preventing diabetes. It’s fantastic that you’re taking this step – proactively managing your health is really commendable.

Based on what we know from research, intermittent fasting *could* be a helpful tool, but it’s not a guaranteed solution, and it's really important to approach it thoughtfully, especially considering your situation. 

Here’s what the current research suggests, based on the information we’ve discussed:

**What Intermittent Fasting Seems To Do:**

*   **Weight Loss:** Several studies have shown that intermittent fasting can lead to weight loss. This is likely because it naturally restricts your calorie intake.
*   **No Immediate Improvement in Blood Sugar:** Critically, the short studies we’ve looked at (around 20 weeks) haven't shown a significant drop in your A1C (a key measure of blood sugar control) compared to a regular eating plan. This suggests that simply changing *when* you eat isn't enough to directly lower blood sugar levels.

**Important Considerations for You, Peter:**

*   **Your Preferences:** You enjoy bananas and chicken, which are healthy choices. That’s a great starting point.
*   **Your Current Diet:** You mentioned you occasionally have processed snacks and sugary drinks. These can definitely throw things off, so reducing them alongside intermittent fasting would be hugely beneficial.
*   **How It's Done:** The research you referenced looked at fasting for 16 hours or more per day, or even strict, daily calorie restriction.

**What to do next:**

1.  **Start Slowly:** If you’re considering trying intermittent fasting, it’s absolutely crucial to start very gradually. Perhaps beginning with a 12-hour fasting window (e.g., not eating from 6 pm to 6 am) and seeing how your body responds.
2.  **Focus on Nutrition:** Alongside intermittent fasting, let's prioritize a balanced diet rich in whole foods like fruits (especially bananas!), lean protein like chicken, and lots of vegetables – *except* for brussels sprouts, of course!
3. **Monitor your Blood Sugar**: You should work with your doctor to monitor your blood sugar levels regularly to see how your body responds.

**Disclaimer:** *I am an AI assistant and not a substitute for professional medical advice. It's really important to discuss any changes to your diet or lifestyle with your doctor, particularly given your goal of preventing diabetes. They can assess your overall health and provide personalized guidance.*

Do you want to talk more about how we can create a more balanced eating plan that fits your lifestyle and preferences, Peter? Or would you like me to elaborate on any of these points?",200,57.095
5,answerable,How many carbs should I eat with type 2 diabetes?,"Okay, Peter, let’s talk about carbohydrates and how they fit into managing your health – and particularly your goal of preventing type 2 diabetes. You’re already taking a really positive step by being proactive, and that’s fantastic.

Based on what we know about how carbs affect blood sugar, and what you’ve shared about your profile, it’s absolutely right to focus on this.  Essentially, people with type 2 diabetes need to be a little more mindful of *how* and *how much* carbohydrate they’re eating. It’s not about completely eliminating them – they’re a vital part of a healthy diet – but it’s about choosing wisely and managing the impact on your blood sugar.

You mentioned you enjoy bananas, which is great! They’re a good source of fiber and nutrients, which will definitely help slow down the rise in your blood sugar. 

**Here’s a general idea of what we’re aiming for, keeping in mind this is a starting point and we'd tailor it further:**

*   **Total Carbohydrates:**  For someone like you, with your activity level, a typical range for a starting point could be around 130-180 grams per day. This is just a guideline, and we'd want to monitor how your body responds.
*   **Focus on Quality:** You're already right to think about this. We'll prioritize carbs that are rich in fiber – things like whole grains (if you can tolerate them – we'll need to explore that), legumes (beans and lentils are excellent!), and plenty of fruits and vegetables (besides bananas, of course!).
*   **Fiber is Key:** Fiber slows down the absorption of sugar, helping to keep those blood glucose levels more stable.
*   **Limit Added Sugars:** We'll definitely want to be mindful of sugary drinks and processed snacks, which can cause rapid spikes.

**Important Next Steps:**

1.  **Blood Glucose Monitoring:**  We’ll need to track your blood sugar levels regularly. This gives us real-time information about how different foods and meals affect you.
2.  **Working with a Certified Diabetes Educator:** A certified diabetes educator can help you learn how to interpret your blood glucose readings and develop a personalized meal plan.
3.  **Small, Frequent Meals:** Eating smaller, more frequent meals and snacks can help prevent large fluctuations in your blood sugar.

**Don’t feel overwhelmed, Peter.** This is a journey, and we’ll take it one step at a time.  It’s fantastic that you're thinking about this now—it demonstrates a commitment to your health. 

To help me give you even more tailored advice, could you tell me:

*   What’s a typical day of eating like for you right now? (Just a general idea – what do you usually eat for breakfast, lunch, dinner, and snacks?)
*   Are there any specific foods you’re particularly worried about cutting back on?",200,58.738
6,answerable,Are low-carb diets safe for diabetics?,"Okay, Peter, let’s talk about carbohydrates and diabetes – it’s a really important area, and I want to help you feel confident in making the best choices for your health. 

You’re smart to be thinking about this proactively, especially given your age and desire to prevent diabetes. The information you shared – that you’re moderately active and enjoy things like bananas and chicken – is a fantastic starting point.

You've hit on a really crucial point: carbohydrate needs *do* differ for people with diabetes compared to the general population. The science is very clear on this. Carbohydrates are, as you mentioned, a primary source of energy, and they absolutely have a significant impact on blood sugar levels. 

Essentially, the way your body processes carbohydrates is different when you have diabetes.  Instead of a smooth, predictable rise and fall in blood glucose after eating, people with diabetes often experience a more dramatic and prolonged increase. 

**Here’s what’s important to understand:**

*   **Glycemic Response Matters:** The type of carbohydrates you eat – things like sugary drinks, white bread, and processed snacks – cause a rapid spike in blood sugar, followed by a quick crash. This puts a strain on your body and can contribute to insulin resistance over time.
*   **Fiber is Your Friend:** Foods high in fiber – like bananas (which are a good choice for you!), along with other fruits, vegetables, and whole grains – slow down the absorption of sugar, leading to a more gradual and controlled blood sugar response.
*   **Individualized Approach:**  Because everyone responds differently, it’s absolutely essential to work with a healthcare team – your doctor and a registered dietitian – to create an eating plan that’s tailored to *your* specific needs. 

**Considering Your Preferences:**

I’m glad you enjoy bananas – they're a good source of potassium and fiber!  Chicken is a great lean protein choice. We can definitely build a plan around those foods while focusing on minimizing processed snacks and sugary drinks.

**Next Steps:**

I highly recommend scheduling an appointment with your doctor to discuss your risk factors for diabetes.  Then, I’d love to work with you to develop a personalized eating plan. We can discuss portion sizes, food choices, and strategies for managing your blood sugar.

**Important Disclaimer:** *I am an AI assistant and not a substitute for professional medical advice. This information is for general knowledge and informational purposes only, and does not constitute medical advice. It is essential to consult with a qualified healthcare professional for any health concerns or before making any decisions related to your health or treatment.*

Do you want to talk a little more about what a typical day of eating might look like, or would you like me to explain more about the role of fiber in managing blood sugar?",200,54.576
7,answerable,Can a vegan diet help prevent diabetes?,"Okay, Peter, let’s talk about this really important goal of preventing diabetes – it’s fantastic that you're taking such a proactive step. It’s wonderful that you’re 39 and feeling motivated, and I want to work with you to build a plan that feels sustainable and truly supports your health.

Based on what you’ve shared – your height, weight, activity level, and your current eating habits – along with your preferences (you enjoy bananas and chicken, but not Brussels sprouts!), we can absolutely explore how a dietary approach like a Mediterranean-style diet, or even a well-planned vegan approach, could be beneficial. 

**What the Research Says (and Why It Matters to You)**

The research I’ve reviewed – and it’s a really solid body of evidence – shows that diets rich in plant-based foods can significantly reduce the risk of developing type 2 diabetes. Let's break down why this is relevant to you:

*   **Plant-Based Power:** Diets centered around fruits, vegetables, beans, whole grains, and healthy fats (like olive oil) tend to be naturally lower in saturated fat and added sugars – two key contributors to insulin resistance, which is a cornerstone of type 2 diabetes.
*   **Your Preferences:**  You like bananas – that’s great! They’re a good source of potassium and fiber. We can certainly incorporate other fruits and vegetables you enjoy alongside your preferred foods.  Similarly, chicken can be part of a healthy meal plan when prepared in moderation.
*   **Vegan vs. Mediterranean-Style:**  Both approaches align well with your goals. A vegan diet, without nuts (due to your allergy), would eliminate all animal products, which can be very effective for blood sugar control. The Mediterranean-style approach offers a gentler transition, allowing you to maintain some foods you like while still prioritizing whole foods.

**Important Considerations – Let’s Tailor This to You**

Now, let’s be realistic. Your current eating habits – including some processed snacks and sugary drinks – do contain elements that could contribute to insulin resistance. We'll need to work on gradually reducing these and focusing on nutrient-dense foods.

Here’s what a realistic plan might look like:

1.  **Prioritize Whole Foods:** We’ll build your meals around fruits, vegetables, whole grains (like quinoa or brown rice), and lean protein sources.
2.  **Smart Protein Choices:**  Chicken, prepared healthily (baked, grilled, or roasted), can be part of your plan. We'll also explore plant-based protein options like beans and lentils.
3.  **Gradual Changes:**  We’ll make changes gradually to avoid feeling overwhelmed. Starting with swapping sugary drinks for water or unsweetened tea is a great first step.
4. **Fiber Focus:** This is incredibly important for blood sugar control. Aim for at least 25-30g of fiber per day.

**Next Steps**

I’d really like to schedule a follow-up conversation to delve a bit deeper. We can discuss:

*   A sample meal plan tailored specifically to your tastes and activity level.
*   How to track your food intake and monitor your blood sugar (if you’re able and willing).
*   Addressing your preferences – let’s find delicious ways to incorporate your favorite foods while sticking to the principles that will support your diabetes prevention goals. 

**Important Disclaimer:** *I am an AI assistant and not a registered dietitian or medical professional. This information is for educational purposes only and should not be considered medical advice. It’s crucial to consult with your doctor or a qualified healthcare provider before making any significant changes to your diet or lifestyle.*

How does this sound as a starting point, Peter? Do you have any immediate questions or thoughts after reading this?",200,77.534
8,answerable,Is the Mediterranean diet good for diabetics?,"Okay, Peter, let’s talk about this – and let’s take things one step at a time. It's fantastic that you're proactively thinking about preventing diabetes at 39, and honestly, that’s a really smart move. I know it can feel a little overwhelming when you're first starting to think about your health, so I’m here to guide you. 

Based on what we know and what you’ve shared – your age, weight, activity level, and preferences – we can definitely work together to build a plan that’s both effective and enjoyable. 

**The Mediterranean Diet and Diabetes**

Now, let’s talk specifically about the Mediterranean diet. As you’ve seen from the expert panel’s report, it’s a *very* solid choice for someone like you aiming to prevent diabetes. It's a truly sensible approach, and one I often recommend. 

**Here's what makes it so good for you:**

*   **Focus on Whole Foods:** The Mediterranean diet is built around plenty of fruits, vegetables, whole grains (though we'll need to be mindful of your wheat allergy), lean protein like chicken (which you enjoy!), and healthy fats like olive oil.
*   **Controlled Carbohydrates:** While not strictly low-carb, it’s a good approach to managing carbohydrate intake, which is key for blood sugar control.
*   **Fiber is Your Friend:** All those fruits and veggies are packed with fiber, which helps slow down the absorption of sugar into your bloodstream.
*   **It’s Sustainable:** One of the best parts is that it’s a lifestyle, not a restrictive diet. It’s about enjoying delicious, nourishing foods.

**Let’s Address Your Specific Likes and Dislikes:**

*   **Bananas:** You enjoy bananas – that’s great! They are a good source of potassium and fiber, so they can fit into the plan.
*   **Chicken:** Fantastic! Lean chicken is a fantastic protein source.
*   **Wheat Allergy:** We’ll absolutely avoid wheat. We'll focus on alternatives like brown rice, quinoa, and other delicious grains.
*   **Brussels Sprouts:** I understand you dislike them – and that’s perfectly fine! We won't force you to eat anything you don’t enjoy.

**Important Next Steps:**

1.  **Reduce Added Sugars & Processed Foods:** You're right to be aware of this. We’ll work on gradually reducing sugary drinks and processed snacks.
2.  **Portion Control:** Even with healthy foods, moderation is important.
3.  **Regular Monitoring:** We’ll need to monitor your blood sugar levels to see how your body responds to the changes.

**Disclaimer:** *I’m an AI assistant and cannot provide medical advice. This information is for general knowledge and informational purposes only, and does not constitute medical advice. It is essential to consult with your doctor or a registered dietitian for personalized recommendations based on your individual health needs.*

**Would you like to schedule a follow-up conversation to delve deeper into specific meal ideas, strategies for managing cravings, or anything else that's on your mind?**",200,61.798
9,answerable,Does eating more fiber help with diabetes?,"Okay, Peter, let’s talk about this – it's wonderful that you're taking such a proactive step in trying to prevent diabetes, and I truly appreciate you reaching out. It’s fantastic that you’re focusing on your health now, and I’m here to help you understand how fiber can be a really valuable tool.

Based on what you’ve shared – your age, height, weight, and that you’re moderately active – we can definitely explore how fiber could help. And you’re right to ask about it; it’s a key player in managing blood sugar levels and overall health.

**Here’s the good news:** Research consistently shows that eating enough fiber can be really beneficial for people with diabetes, or those at risk like yourself. The Dietary Guidelines for Americans (DGA) recommend at least 14 grams of fiber per 1,000 calories you consume – and because you enjoy bananas, incorporating more whole grains (aiming for at least half your grains to be whole intact grains) would be a great start. Things like non-starchy vegetables (aside from your dislike of brussels sprouts, of course!), avocados, and berries are all fantastic sources too.

**What we’ve seen in studies:** Some research has even shown that consuming over 50 grams of fiber daily can lead to a modest reduction in A1C levels, which is a really important marker for blood sugar control.

**Now, a little caution:** I want to be upfront – increasing your fiber intake significantly can sometimes cause side effects like gas, bloating, or diarrhea, especially if you’re not used to it. It’s really important to increase your intake *gradually* – maybe starting with an extra 5-10 grams of fiber per day and seeing how you feel.  

**Personalized Suggestions for You:**

Given your likes (bananas, chicken), we could build a plan around that.  For example, choosing whole wheat bread (if you can tolerate it), adding beans or lentils to your chicken dishes, and including plenty of berries with your meals.

**Important Note:** *I want to emphasize that I'm an AI and can offer information, but this isn't a substitute for advice from your doctor or a registered dietitian.* They can give you the best personalized guidance based on your specific health situation. 

**Let’s Take It Slow:**  How about we focus on adding just a little more fiber to one meal a day to start? Would you be open to discussing that a bit further, and perhaps exploring some small changes you could make this week?

Do you have any questions about what I’ve said so far, Peter?",200,54.882
10,answerable,Are sugar substitutes like stevia safe for diabetes?,"Okay, Peter, let’s talk about sugar substitutes and how they can fit into your efforts to prevent diabetes. It’s fantastic that you're being proactive about this – at 39, taking steps now can really make a big difference. 

Based on what the FDA has reviewed, and considering your situation – being moderately active, enjoying things like bananas and chicken, but also occasionally having processed snacks and sugary drinks – sugar substitutes can definitely be a helpful tool. 

**What are Sugar Substitutes?** 

Essentially, when we're talking about sugar substitutes, we're referring to a range of ingredients designed to sweeten things without adding a lot of calories. The FDA has approved quite a few, including stevia, monk fruit (luo han guo), and others like aspartame, sucralose, and saccharin.

**How They Can Help You**

The key here is “non-nutritive.” These sweeteners provide very few, if any, calories. This is really important for preventing diabetes because:

*   **They don't spike blood sugar:** Unlike regular sugar, they don’t cause the rapid increases in blood glucose levels that can put a strain on your pancreas and contribute to insulin resistance – a key factor in developing type 2 diabetes.
*   **They can help manage cravings:**  Sometimes, the sweetness triggers cravings. Reducing overall sweetness with a sugar substitute can help you feel more satisfied with smaller portions.


**Important Considerations for You, Peter:**

*   **Stevia and Monk Fruit (Luo Han Guo):**  You mentioned you like bananas – these two options (stevia and monk fruit) are often good choices because they’re derived from natural sources and have a generally clean taste profile.
*   **Moderation is Key:** Even though they are non-nutritive, it’s still wise to use them in moderation.  Over-reliance on any sweetener, even a non-nutritive one, isn’t necessarily the healthiest approach. 
*   **Read Labels Carefully:**  Many processed foods and drinks contain sugar substitutes. Be mindful of hidden sweeteners. 

**Disclaimer:** *I am an AI assistant and cannot provide medical advice. It’s really important that you discuss any changes to your diet, including the use of sugar substitutes, with your doctor or a registered dietitian. They can help you tailor a plan that’s perfectly suited to your individual needs and health goals.* 

Do you want to talk a little more about which specific sugar substitutes might be a good fit for your tastes, or perhaps we can discuss strategies for reducing your overall intake of sugary drinks and processed snacks?",200,50.302
11,answerable,Should I stop eating fat to prevent diabetes?,"Okay, Peter, let’s talk about this – it's wonderful that you're taking such a proactive step to prevent diabetes at 39, and it’s really smart of you to be thinking about your diet. It’s completely understandable to be wondering about fats, as they get a lot of attention when it comes to health.

Now, let’s be really clear and accurate, because the way we approach fats is a bit more nuanced than simply “stop eating fat.” The consensus, and what we really want to focus on, is *the type* of fat you're consuming, not just the total amount. 

Looking at what you've told me – that you enjoy bananas and chicken, and that you have some processed snacks and sugary drinks in your diet – we can absolutely make some positive changes. The evidence really strongly suggests that reducing your intake of *saturated* and *trans fats* is crucial. These are often found in things like processed snacks, red meats, and some dairy products. These fats can negatively impact insulin sensitivity, which is a key factor in diabetes development.

However, it's equally important to understand that *unsaturated* fats – monounsaturated and polyunsaturated fats – are actually beneficial for your health. These are found in things like avocados (which I know you enjoy!), olive oil, nuts (though, of course, you have a wheat and nut allergy, so we'll need to be very careful about sources!), and fatty fish like salmon. These fats can actually help improve insulin sensitivity and reduce inflammation.

**Here’s what I’d recommend, keeping in mind your preferences and allergies:**

1.  **Focus on Unsaturated Fats:**  Prioritize olive oil for cooking, incorporate avocados into your diet, and consider fatty fish (if you tolerate it, or explore alternatives for omega-3s).
2.  **Limit Saturated Fats:**  Reduce your intake of processed meats, full-fat dairy products, and baked goods.
3.  **Eliminate Trans Fats:**  These are often hidden in processed foods, so always read labels carefully.
4.  **Maintain a Balanced Diet:** You already have a balanced diet, which is great! We can refine it by focusing on whole, unprocessed foods – lots of fruits (like bananas!), lean proteins (chicken!), and plenty of vegetables.
5.  **Address Sugary Drinks:** This is a major factor in diabetes risk. Let’s work on gradually reducing or eliminating sugary drinks like soda and juice. 

**Important Note:** Because you're moderately active (which is fantastic!), your body is better equipped to handle a healthy level of fat. We’re not aiming for a drastically low-fat diet.

**Next Steps:** 

I'd love to help you create a more detailed plan. Would you be open to tracking your food intake for a week to get a better sense of where you’re at currently? We can then build from there. Also, let’s look at your portion sizes – even healthy foods can contribute to weight gain if you’re eating too much.

**Disclaimer:** *I am an AI assistant and not a registered dietitian or medical professional. This information is for general knowledge and informational purposes only, and does not constitute medical advice. It is essential to consult with a qualified healthcare professional for any health concerns or before making any decisions related to your health or treatment.*

Do you want to start with tracking your food intake, or would you like to discuss some specific meal ideas that align with your preferences?",200,66.231
12,answerable,Is weight loss important if I have prediabetes?,"Okay, Peter, let’s talk about this – and I want to start by saying that it's fantastic that you’re being so proactive about preventing diabetes. At 39, with your height and current weight of 79kg, you’re already in a category that requires a really focused approach.

Based on what we know, and particularly the research I’m looking at – studies like the one using phentermine and topiramate – weight loss is absolutely crucial for you. The findings consistently show that losing 10-15% of your body weight can dramatically reduce your risk of developing type 2 diabetes. In fact, that study found a 79% reduction in incident diabetes with a 10% loss, and further weight loss didn’t provide any additional benefit.

Now, you enjoy bananas and chicken, which is great – those are healthy choices! Let’s focus on building a plan around those while gently adjusting some of the habits you’ve mentioned, like the occasional processed snacks and sugary drinks. 

**Here’s what I’m thinking we can realistically aim for:**

*   **Target Weight Loss:** Let’s initially aim for a 10-15% weight loss. That would put you in a healthier range.
*   **Focus on Whole Foods:** We'll prioritize whole foods - lean proteins like chicken, plenty of fruits (especially those bananas!), and lots of vegetables.
*   **Reduce Sugary Drinks:** This is a big one, and it’s often a key factor in prediabetes. 
*   **Regular Physical Activity:** We’ll aim for a mix of both cardio (like brisk walking) and resistance training (think bodyweight exercises or light weights). Studies show that combining both is the most effective way to manage blood sugar levels and prevent progression. 

**Important Note:** I want to be very clear - this isn't about strict dieting. It’s about sustainable lifestyle changes. We’ll work together to create a plan that you genuinely enjoy and can stick with.

Would you be open to discussing some specific strategies for reducing your sugary drink intake and incorporating more physical activity into your routine?  How are you feeling about all of this – is this a manageable goal for you right now, or would you like us to adjust it slightly?",200,50.277
13,answerable,Can eating too much protein harm me if I'm diabetic?,"Okay, Peter, let’s talk about protein and diabetes – it’s a really important area to understand, and I’m glad you’re being proactive about your health. It’s fantastic that you're focusing on preventing diabetes, and I appreciate you sharing this information with me.

Now, regarding protein and diabetes, particularly considering you’re focused on prevention, the picture is actually a bit more nuanced than a simple “eat less protein” recommendation.  Historically, there was a strong push to lower protein intake in people with kidney disease (Chronic Kidney Disease or DKD), largely to reduce something called albuminuria – basically, how much protein gets filtered out of your system.  And you’re right to note that research has shown this can lead to a reduction in albuminuria, but it hasn’t always translated into a noticeable improvement in kidney function, as measured by a glomerular filtration rate.

However, and this is *very* important, current evidence doesn’t suggest that people with DKD need to drastically restrict their protein intake to less than what's typically recommended for someone without kidney issues. In fact, some research indicates that severely restricting protein *can* lead to malnutrition, which wouldn’t be helpful at all!

Generally, the recommended range for people with diabetes (without kidney issues) is 1 to 1.5 grams of protein per kilogram of body weight per day, or around 15-20% of your total daily calories. Given your weight of 79kg, this translates to roughly 79-118 grams of protein per day, depending on your calorie intake.

**Important Considerations for You, Peter:**

*   **Your Activity Level:** Being moderately active means you’ll likely burn more calories and have a slightly higher protein need compared to someone less active.
*   **Focus on Quality:** We want to focus on *good* protein sources – lean chicken (which you enjoy!), fish, and other whole foods.
*   **Listen to Your Body:**  Pay attention to how you feel after eating protein.

**Disclaimer:** *I want to emphasize that I'm an AI and can’t provide personalized medical advice. This information is for general knowledge and discussion purposes only. It’s absolutely crucial that you discuss your specific needs and any adjustments to your diet with your doctor or a registered dietitian.*

Would you like to explore some healthy protein sources that align with your preferences, like chicken and bananas? Or perhaps delve into how portion sizes can help you manage your protein intake?",200,50.358
14,answerable,How does alcohol affect blood sugar at night?,"Okay, Peter, let's talk about this – it’s really important to understand how alcohol can affect your blood sugar, especially at night, given your goal of preventing diabetes. 

What you’ve just read is actually quite insightful. The key takeaway here is that even though moderate alcohol consumption can have some good aspects, it *can* increase your risk of something called delayed hypoglycemia. And this is particularly relevant for you because you're being proactive about preventing diabetes.

Essentially, when you drink alcohol, it can disrupt how your body manages blood sugar. It seems to slow down the process of your body making more glucose (gluconeogenesis) – which is the process of creating sugar when your levels are low – and it can also make it harder for you to recognize the signs of low blood sugar because of how alcohol affects your brain.  Furthermore, your body’s natural response to low blood sugar (the counterregulatory response) might be impaired.

**Here’s what's really important for you, given your profile:**

*   **Delayed Hypoglycemia:** This means your blood sugar might drop *later* than usual after you drink, and it can be harder to catch it early.
*   **Insulin & Secretagogues:** Because you're working to prevent diabetes, you likely either take insulin or medications that stimulate insulin release (secretagogues). These medications make you *more* susceptible to this delayed hypoglycemia.
*   **Eating is Key:** The good news is that eating food alongside your alcohol can significantly reduce this risk. It helps to slow down the absorption of alcohol and provides a buffer for your blood sugar.

**What I suggest, Peter:**

1.  **Always Eat with Alcohol:** This is crucial. Don't ever drink alcohol on an empty stomach.  Even a small meal with carbohydrates can make a huge difference. Since you enjoy bananas, those would be a good choice!
2.  **Monitor Your Blood Sugar:**  Because of your goals and potential medication use, I’d strongly recommend checking your blood sugar more frequently, especially in the hours after drinking.  This will give you a clearer picture of what’s happening.
3.  **Talk to Your Doctor:** It's essential to discuss this with your doctor or diabetes educator. They can tailor advice specifically to your situation, medication, and how your body responds. 

**Important Note:** I want to be gentle with you, Peter. It’s fantastic that you're taking this seriously.  It’s a bit of a delicate balance, but with careful planning and monitoring, you can definitely manage this and continue to work toward your goals.

Do you want to delve deeper into specific strategies for meal pairing with alcohol, or perhaps discuss how to recognize the symptoms of delayed hypoglycemia?",200,52.967
15,answerable,Will a low-fat diet help control diabetes?,"Okay Peter, let's talk about this – and let’s tackle this really proactively, which is fantastic. It’s wonderful that you're recognizing the importance of preventing diabetes at 39, and frankly, it shows a really healthy mindset. Your current weight of 79kg at 180cm puts you in a healthy range, but your balanced diet with some processed snacks and sugary drinks is something we can absolutely work with to really solidify your efforts.

Based on what you've shared and the information I have – and importantly, this consensus from nutrition experts – it's brilliant that you’re focusing on prevention.  There isn't one single “magic bullet” diet, and that’s really important to understand. Instead, we're looking at how to make shifts that are sustainable and fit *your* lifestyle.

**Here’s what we know, and what we can do:**

*   **Added Sugars, Sodium, and Unhealthy Fats:** You're absolutely right to be mindful of these. The consensus panel agrees – minimizing these is key, especially trans fats. It’s not about eliminating them entirely, but about reducing them significantly.
*   **Variety is Key:**  The experts suggest looking at different eating patterns like the Mediterranean diet, DASH, or even exploring vegetarian options. Each has its strengths.  The Mediterranean diet, with its focus on whole foods, olive oil, and lean protein, could be a really good starting point for you.
*   **Your Preferences:**  Let's absolutely build around foods you *enjoy*! You like bananas, chicken, and that's fantastic. We can certainly incorporate more whole, unprocessed versions of these things. For example, focusing on grilling or baking chicken instead of fried, and choosing ripe bananas over those that are too green.

**Let’s talk about some specific areas we can focus on:**

1.  **Reducing Processed Snacks:** You mentioned this, and it’s a really common area for people. Let’s identify *why* you reach for these – is it boredom, stress, or a habit?  We can work together to find healthier swaps.
2.  **Sugary Drinks:**  This is a big one.  Even seemingly small amounts of sugary drinks can have a significant impact on blood sugar levels. Let's explore alternatives like water with a squeeze of lemon or lime, or unsweetened herbal teas.
3.  **Portion Control:** Even healthy foods can contribute to weight gain if you’re eating too much.

**Important Note regarding your allergies:** It’s crucial that we completely avoid nuts and wheat. 

**Moving Forward:**

I want to emphasize that this isn’t about restriction; it’s about making informed choices and building a sustainable eating plan that you *enjoy*.  

I’d really like to schedule a follow-up conversation where we can delve into this a little more deeply.  We can talk about a more detailed meal plan, address your specific challenges, and track your progress.

Would you be open to that?  And, Peter, please know that you’re taking a really proactive step toward your health, and I’m here to support you every step of the way. 

**Disclaimer:** *I am an AI assistant and cannot provide medical advice. This information is for general knowledge and informational purposes only, and does not constitute medical advice. It is essential to consult with a qualified healthcare professional for any health concerns or before making any decisions related to your health or treatment.*",200,66.723
16,answerable,Is there a perfect macronutrient ratio for diabetes?,"Okay, Peter, let’s talk about this – it’s fantastic that you're being so proactive about preventing diabetes at 39, and I want to reassure you that you're taking a really important step. It’s completely understandable to feel a little overwhelmed when you hear about “perfect” ratios, but I want to give you some clear, accurate information, and most importantly, guide you toward a plan that works *for you*.

You’ve hit on a really crucial point: there isn't one single “perfect” macronutrient ratio for everyone with diabetes, and that’s really important to understand.  Many studies have shown that, on average, people with diabetes tend to consume roughly the same proportions of carbs, fats, and protein as the general population. This generally looks like around 45% carbohydrates, 36-40% fat, and 16-18% protein. 

**Let's break that down a little and then tailor it to your situation.**

**Why the General Range?**  The research suggests that people with diabetes tend to consume a similar balance as the rest of the population. This is likely due to the fact that the core principles of healthy eating – focusing on whole foods, portion control, and balanced meals – still apply.

**Now, let’s personalize this for you, Peter:**

*   **Your Activity Level:** You mentioned being moderately active – that's great!  A moderately active person like you will likely need a slightly higher carbohydrate intake than someone who is sedentary. Carbohydrates are your body’s primary fuel source, especially during physical activity.
*   **Your Likes and Dislikes:** You enjoy bananas, chicken, and I know you aren't a fan of Brussels sprouts. That’s wonderful – we can build a meal plan around foods you actually *enjoy*. Focusing on foods you like is key to long-term adherence.
*   **Your Allergies:** We absolutely need to avoid nuts and wheat. 

**Important Next Steps & Gentle Reminders:**

*   **Glycemic Control is Key:** Because of your goal to *prevent* diabetes, we need to really focus on *how* you're consuming carbs. Foods with a high glycemic index (like some sugary drinks, even though you don't particularly enjoy them) cause a rapid rise in blood sugar.  We'll prioritize whole grains, fruits (in moderation), and vegetables.
*   **Individualized Monitoring:** The best way to know how *you* respond to different foods is through regular blood glucose monitoring. This will help us fine-tune your diet.
*   **Weight Management:** Because you're at a healthy weight (79kg), your primary focus will be on maintaining that, rather than significant weight loss, unless that’s specifically recommended by your healthcare provider. 

**Disclaimer:** *I am an AI assistant and not a substitute for professional medical advice. It is essential to discuss your individual needs and any dietary changes with your doctor or a registered dietitian.* 

**I'm here to help you navigate this.  Would you like to start by talking about a sample meal plan that fits your preferences and incorporates the information we’ve discussed?  Or perhaps you'd like to delve deeper into understanding glycemic index and how it relates to your food choices?** 

**Take a deep breath, Peter. You’re taking a proactive step, and I’m here to support you every step of the way.**",200,65.4
17,answerable,Can I manage diabetes without medication if I lose enough weight?,"Okay, Peter, let’s talk about this – it’s fantastic that you’re being so proactive about preventing diabetes at 39, and it’s really admirable that you’re thinking about this now. Based on what we know, and considering your profile – being 180cm tall and currently weighing 79kg with a moderately active lifestyle – we can definitely explore the possibility of managing your blood sugar without medication, particularly through diet and exercise.

Now, let's be really clear and accurate: research, particularly studies like the one using phentermine/topiramate, show a *very* strong link between weight loss and preventing type 2 diabetes. Losing 10% of your current weight would translate to around 8kg, and that’s where the biggest impact happens.  That 10% weight loss alone has been shown to reduce your risk of developing diabetes by a remarkable 79% over two years.  Importantly, any further weight loss beyond that 10% doesn’t seem to provide an additional benefit.

That being said, this doesn’t mean medication is *never* needed. But it does mean that focused, achievable weight loss is the cornerstone of preventing diabetes in your case. 

**Here’s what we can realistically focus on, keeping your likes and dislikes in mind:**

*   **Diet:** We can work together to gradually shift your eating habits.  Since you enjoy bananas and chicken, we can build meals around those, focusing on lean protein, plenty of non-starchy vegetables (we can explore some alternatives to brussels sprouts!), and controlling portion sizes. Reducing processed snacks and sugary drinks is key. 
*   **Exercise:** Combining regular physical activity with a healthy diet is incredibly powerful. Aim for at least 150 minutes of moderate-intensity exercise per week – things like brisk walking, cycling, or swimming.  Even incorporating resistance training (which is great for building muscle, which helps with blood sugar control) a couple of times a week would be beneficial.

**Important Note:** Losing 10% of your weight is a realistic and achievable goal, and achieving it will significantly reduce your risk of developing type 2 diabetes.  

I want to emphasize that I’m here to support you every step of the way.  Let's work together to create a personalized plan that fits your lifestyle and preferences.  Would you like to start by talking about some specific dietary changes we could make, or perhaps discussing how you could incorporate more physical activity into your week? 

**Disclaimer:** *I am an AI assistant and not a medical professional. This information is for general knowledge and informational purposes only, and does not constitute medical advice. It is essential to consult with your doctor or a registered dietitian for personalized medical advice.*",200,55.222
18,answerable,Should I avoid fruit because of the sugar?,"Okay, Peter, let's talk about fruit and sugar, and how this all fits into your goal of preventing diabetes. It's fantastic that you’re being so proactive – that’s a really positive step!

I understand you're wondering if you should avoid fruit because of the sugar. And it's a very valid concern, given your age, your activity level, and your focus on preventing diabetes. Let’s be really clear: fruit *does* contain sugar – specifically fructose. But it's a much more nuanced picture than simply “avoiding sugar.”

The context you shared highlights that many sugar substitutes exist, and while some can be helpful in reducing carbohydrate and calorie intake, it’s crucial to understand they don’t magically make an unhealthy choice healthy. Focusing solely on replacing sugar with artificial sweeteners isn't the answer. 

Here’s what’s important to remember about fruit and your health:

*   **Fruit’s Nutritional Value:** Fruits are packed with vitamins, minerals, fiber, and antioxidants – all incredibly important for your overall health and for managing blood sugar levels. The fiber in particular slows down the absorption of the natural sugars, preventing rapid spikes in your blood glucose.
*   **Natural vs. Added Sugar:** The sugar in fruit is naturally occurring and comes packaged with these beneficial nutrients. When we talk about added sugars (like those in processed snacks or sugary drinks), we're often dealing with concentrated sources that lack these other vital nutrients.
*   **Moderation is Key:** You absolutely should be mindful of your portion sizes. Given your weight and activity level, we’ll want to aim for a reasonable amount of fruit as part of a balanced diet. Bananas are a great choice for you – they're nutrient-dense and satisfying!

**What to do moving forward:**

1.  **Focus on Whole Fruits:** Prioritize whole fruits over fruit juices, as juices often lack fiber and can lead to a quicker sugar rush.
2.  **Combine Fruit with Protein and Healthy Fats:** Pairing fruit with a source of protein (like chicken, which you enjoy) or healthy fats will further stabilize blood sugar levels.
3.  **Listen to Your Body:** Pay attention to how you feel after eating fruit. This will help you understand your individual response.

**Important Note:**  I’m here to help you build a sustainable eating plan, not restrict you.  Let’s work together to create a plan that includes the foods you enjoy – like chicken and bananas – while keeping your diabetes prevention goals firmly in mind.

To help me tailor my advice even further, could you tell me a little bit more about a typical day of eating for you? Specifically, roughly how many servings of fruit do you usually have, and what types of processed snacks do you tend to reach for?",200,58.353
19,answerable,Does eating more whole grains help with blood sugar?,"Okay, Peter, let's talk about this – it’s fantastic that you’re taking such a proactive step to prevent diabetes. It's really smart of you to be thinking about your blood sugar levels, and I want to assure you that you're on the right track.

You’ve raised a really important point about carbohydrate needs, and yes, they *do* differ significantly for people who are at risk of or are managing diabetes compared to the general population. The information you shared about how carbohydrates affect blood glucose is absolutely key. 

Essentially, how your body handles carbohydrates – and how quickly they raise your blood sugar – is a major factor in diabetes prevention. 

**Here's what we need to understand:**

*   **The Glycemic Response:** As you correctly noted, carbohydrates are broken down into sugars, and that impacts your blood glucose. Some carbs – like those found in processed foods, sugary drinks, and white bread – cause a *rapid* spike in blood sugar followed by a quick drop. This can put a strain on your body and increase the risk of developing insulin resistance over time.
*   **Fiber’s Role:**  Foods high in dietary fiber – like whole grains (though, given your wheat allergy, we’ll need to find excellent alternatives!), fruits (bananas, for instance, which you enjoy!), and some vegetables – slow down the absorption of sugar, leading to a much more gradual and stable rise in blood glucose. This is a *huge* benefit. 

**For someone at risk of diabetes, like yourself, a more careful approach to carbohydrates is generally recommended.** This means prioritizing foods with a low glycemic index and glycemic load and focusing on getting plenty of fiber.

**Considering your preferences and allergies:**

*   **Bananas:** You already enjoy bananas, which is great! They are a good source of potassium and fiber.
*   **Chicken:** You like chicken, which is a healthy protein source.
*   **Wheat Allergy:** Absolutely – we need to find excellent alternatives to wheat.  Think about brown rice, quinoa, oats (if tolerated), and potentially gluten-free grains like sorghum or millet. 

**Moving forward, it's important to:**

*   **Focus on Whole Grains:** We’ll work together to identify delicious and accessible whole-grain options that fit your dietary needs.
*   **Control Portion Sizes:**  Even healthy carbs should be eaten in moderation.
*   **Pair Carbs with Protein & Fat:** This further slows down digestion and helps manage blood sugar.

**Disclaimer:** *I am an AI assistant and not a registered dietitian or medical professional. This information is for general knowledge and informational purposes only, and does not constitute medical advice. It is essential to consult with a qualified healthcare provider for any health concerns or before making any decisions related to your health or treatment.*

**How does that sound as a starting point, Peter?  Would you like to talk more about specific foods you enjoy, or perhaps explore some alternative grain options that you could try?**",200,60.362
20,answerable,Can fiber supplements lower blood sugar?,"Okay Peter, let's talk about this – it’s fantastic that you're being so proactive about preventing diabetes at 39. It’s really smart of you to be asking these questions and wanting to understand how you can make positive changes. 

Now, regarding fiber supplements and blood sugar, the research is actually quite interesting and a little nuanced. As you’ve seen in the information I’ve shared, the key seems to be *soluble fiber* specifically. 

Let’s break down what the research suggests, and importantly, what it *doesn't* say. 

The study by Jovanovski et al. analyzed a *lot* of trials (28, to be exact!) looking at fiber supplementation in people *already* diagnosed with diabetes. And what they found was really significant: fiber supplementation *did* improve HbA1c, fasting glucose, fasting insulin, and HOMA (a measure of insulin resistance) – all things that are key indicators of blood sugar control.

However, and this is a really important point, the research on people *without* diabetes is a bit less clear. The study you cited showed that lowering gluten intake – which is often linked to lower fiber intake – was *not* associated with reduced risk of developing type 2 diabetes.  In fact, it suggested the opposite! It seems that when people eat less gluten, they tend to eat less fiber and whole grains, and that can actually *increase* the risk of developing diabetes. 

**So, what does this mean for you, Peter?**

Given your balanced diet and your interest in preventing diabetes, I think focusing on incorporating more soluble fiber into your diet is a really smart approach. Soluble fiber helps slow down the absorption of sugar into your bloodstream, which can be really beneficial.

**Here are a few ideas, keeping in mind your preferences:**

*   **Bananas:** You already enjoy bananas – they’re a great source of soluble fiber!
*   **Chicken:** This is great protein and a solid base for meals.
*   **Focus on whole grains (without wheat due to your allergy):** Brown rice, quinoa, or oats could be good options.

**Important Note:** While fiber supplements *can* be helpful, it’s always best to prioritize getting fiber from whole foods, like those you enjoy. 

**Disclaimer:** *I am an AI and cannot provide medical advice. It’s crucial that you discuss any dietary changes with your doctor or a registered dietitian.* They can help you create a personalized plan that’s safe and effective for you, considering your specific health needs and goals. 

Do you want to talk a bit more about specific foods you could incorporate, or perhaps discuss how to track your fiber intake?",200,55.629
21,answerable,Will drinking diet soda cause diabetes?,"Okay, Peter, let’s talk about this – it’s really smart of you to be proactive about preventing diabetes at 39, and I want to reassure you that you’re taking a really important step. It's completely understandable to have questions about diet soda, especially when you’re focusing on your health.

Let’s get straight to the heart of your question, and it’s a really common one. The research is showing a complex picture, and while diet soda might seem like a ‘better’ option than regular soda, it's not quite as simple as it might seem.

**The Impact of Diet Soda – It’s More Nuanced Than You Might Think**

The studies you pointed out are quite revealing. The fact is, even though diet soda doesn’t contain *sugar*, it can still be linked to an increased risk of type 2 diabetes, particularly for those already at risk. Here’s what the research is showing:

*   **Meta-analyses highlight a risk:** A meta-analysis found that just *one* daily serving of regular soda increased the risk of type 2 diabetes in adults with prediabetes by a whopping 26% (208).
*   **Diet soda isn’t completely risk-free:** While the numbers are lower than regular soda, a meta-analysis showed that consuming diet soda increased the risk by 8% (209). That’s still a statistically significant increase, and it suggests the body isn't entirely ignoring the artificial sweeteners.
*   **The body’s response is still being investigated:** Importantly, researchers are still trying to understand *why* this happens. Some theories suggest that artificial sweeteners may disrupt the gut microbiome, which plays a role in insulin sensitivity and glucose regulation. They may also trigger cephalic phase insulin release (where the anticipation of sweetness triggers an insulin response) or affect how the brain perceives sweetness, ultimately influencing cravings and potentially impacting glucose control.

**The Good News – Switching to Water Makes a Difference**

What’s fantastic to note is that replacing sugary sodas with water dramatically reduces the risk – by 7-8% (210). This demonstrates the powerful impact of simply changing your beverage choice.

**Personalizing This for You, Peter**

Considering your balanced diet and moderately active lifestyle, it's wonderful you're focused on prevention. Given your preference for bananas and chicken, which are generally healthy choices, and your awareness of your occasional processed snacks, we can focus on a strategy that’s really tailored to you.

**My Recommendation:** Let's aim to significantly reduce your intake of diet soda. Even small changes can make a difference. Swapping it for water, sparkling water with a slice of lemon or lime, or even unsweetened tea could be a great first step.

Would you be open to discussing some strategies for gradually reducing your diet soda consumption, perhaps exploring some flavorful water infusions with your favorite fruits like bananas?

**Important Disclaimer:** *I am an AI assistant and not a medical professional. This information is intended for general knowledge and informational purposes only, and does not constitute medical advice. It is essential to consult with your doctor or a registered dietitian for personalized advice based on your specific health needs and medical history.*

Do you want to talk more about specific strategies or perhaps explore some healthy alternatives that you’d enjoy?",200,67.352
22,answerable,Can skipping meals cause blood sugar problems?,"Okay, Peter, let’s talk about this – it’s fantastic that you're taking such a proactive step to prevent diabetes at 39. It shows you really care about your health, and I want to help you feel confident and in control. 

Now, you asked about skipping meals and how it might relate to blood sugar problems, and it's a really important question. Based on the research we've been looking at, here’s the key takeaway: **yes, regularly skipping meals can absolutely contribute to blood sugar issues.** 

Let’s break down why, and how it aligns with your goals. 

**The Science Behind It:**

When you skip meals, especially if you're already consuming a diet with some processed snacks and sugary drinks (which you mentioned), it throws your body’s natural regulation of blood sugar out of whack. Here's what happens:

*   **Insulin Resistance:** When you haven't eaten for a prolonged period, your body interprets this as a potential shortage of energy. To compensate, it releases a surge of insulin – insulin's job is to lower blood sugar. Over time, this repeated overproduction of insulin can lead to insulin resistance, where your body's cells become less responsive to insulin, eventually leading to elevated blood sugar levels.
*   **Blood Sugar Spikes:** When you *do* eventually eat, the sudden influx of glucose (sugar from the food) can cause a significant spike in your blood sugar, followed by a rapid drop – this rollercoaster effect isn't good for your body. 
*   **Gut Microbiome:** Skipping meals can also negatively impact the balance of bacteria in your gut, which plays a significant role in blood sugar control. 

**Specifically for you, Peter:**

Considering you enjoy bananas, chicken, and are focusing on preventing diabetes, it’s great that you’re prioritizing whole foods. But the consistent skipping of meals, combined with your current diet, is a potential risk factor. 

**What about intermittent fasting?**

The research you pointed out shows that while intermittent fasting can lead to weight loss, it doesn't consistently improve A1C levels (a key measure of blood sugar control). This suggests that simply restricting *when* you eat isn’t enough to address the underlying metabolic issues. 

**What’s a better approach for you?**

*   **Regular Meal Times:** Aim for consistent meal times – at least 3 meals a day – to help stabilize your blood sugar.
*   **Balanced Meals:** Focus on meals that include lean protein (like chicken), fiber-rich foods (like bananas!), and complex carbohydrates.
*   **Limit Processed Snacks & Sugary Drinks:** We’ve already talked about this – they’re a significant contributor to blood sugar fluctuations. 

**Important Note:** I want to emphasize that I am not a medical doctor. This information is based on the current research, and it’s essential to discuss your specific situation with your healthcare provider. They can assess your individual needs and recommend a tailored plan. 

**Resources:** I can also share some reliable resources that delve deeper into blood sugar management and healthy eating. Would you like me to do that? 

Remember, Peter, taking small, consistent steps is key. You’re already on the right track by being proactive – let’s work together to make sure you’re on the path to a healthy, vibrant future!",200,68.754
23,answerable,Can I have cheat days if I'm diabetic?,"Okay, Peter, let's talk about this – it’s fantastic that you’re being so proactive about preventing type 1 diabetes, and wanting to understand how your eating habits fit in. It’s really smart to be thinking about this, and it’s great you're taking control.

Now, let’s dig into the evidence, especially as it relates to what you’re considering – a ‘cheat day’ or allowing for more flexibility in your diet. The research on specific eating patterns for adults with type 1 diabetes is actually quite limited, as you’ve rightly pointed out. This is a key finding – it means we need to be a bit more cautious and really focus on building a sustainable, balanced approach.

Here’s what the research tells us, based on what you shared with me:

*   **Limited Specific Eating Pattern Trials:**  There haven’t been many clinical trials specifically comparing things like Mediterranean, vegetarian/vegan, low-fat, low-carb, or other popular diets in adults with type 1 diabetes. This makes it harder to give definitive recommendations.

*   **Fasting Research:** The studies on fasting (very low carbohydrate diets) are even more limited. A small trial did look at a very low-carb diet (around 47 grams of carbs a day) compared to a higher-carb diet, but it only involved 10 people for just one week. 

**What this means for you, Peter:**

Because of this limited evidence, it's more important than ever to focus on building a consistent, well-balanced eating pattern *without* rigidly following one specific “diet.” Let's remember your preferences – you enjoy bananas and chicken, which are good choices, and we’ll need to be mindful of your allergies to nuts and wheat. 

**Here’s what I’d suggest we focus on:**

1.  **Consistent Carbohydrate Control:** Keeping a close eye on your carbohydrate intake is absolutely essential. Since you're aiming to *prevent* type 1 diabetes, managing your blood sugar levels consistently is key.

2.  **Balanced Meals:**  Let’s aim for meals that include lean protein (like chicken), healthy fats, and plenty of non-starchy vegetables.

3.  **Flexibility, Not ""Cheat Days"":** Instead of thinking about ‘cheat days,’ let's talk about allowing for *occasional* indulgences. Perhaps enjoying a banana or a small portion of something you enjoy, while still keeping your overall carbohydrate intake in check.

4.  **Listen to Your Body:** Pay attention to how different foods affect your blood sugar levels. This will help us fine-tune your eating habits. 

**Important Note:** *I want to be clear, Peter, that I am an AI and not a substitute for a qualified medical professional. It's crucial you continue to work closely with your doctor or a registered dietitian to monitor your blood sugar and tailor your plan to your individual needs.* 

Would you like to talk a little more about specific foods you enjoy, or perhaps discuss how to track your carbohydrate intake?",200,59.245
24,answerable,Do artificial sweeteners increase diabetes risk?,"Okay, Peter, let’s talk about this – it’s fantastic that you’re being so proactive about preventing diabetes at 39. It shows you’re really invested in your health, and I want to help you feel confident and informed. 

Based on the information we have, and particularly those research findings, the relationship between artificial sweeteners and diabetes risk is a complex one, and it's something we need to approach with a thoughtful understanding.

**What the research says:**

The consensus, and what’s coming up repeatedly in research, is that *excessive* consumption of sugar-sweetened beverages (SSBs) – and, importantly, the use of artificial sweeteners in place of sugar – does seem to be linked to an increased risk of type 2 diabetes. The study you referenced highlighted this significantly, noting a rise in risks like weight gain, heart disease, kidney problems, and non-alcoholic liver disease.

**Now, let's talk about artificial sweeteners:**

It’s not that artificial sweeteners *cause* diabetes directly, but the way our bodies respond to them seems to play a role. Here’s what’s thought to be happening:

*   **Compensatory Eating:** A really key point is what happens when we use artificial sweeteners. Because they don’t provide calories, our bodies sometimes signal “I need energy!” and we might then compensate by eating *more* of other foods, often high in calories. This can lead to weight gain, which is a huge risk factor for type 2 diabetes.
*   **Gut Microbiome Changes:** Some research suggests artificial sweeteners can alter the balance of bacteria in your gut, and these changes *could* potentially influence insulin sensitivity over time – although this is an area of ongoing research.

**Considering Your Situation:**

Given your balanced diet (with some processed snacks and sugary drinks), your moderately active lifestyle, and your fondness for bananas and chicken, we want to be mindful of how you’re incorporating sweeteners into your routine. 

**Here’s what I'd recommend we focus on:**

1.  **Reduce SSB Consumption:** Absolutely key. Let's work on swapping those sugary drinks for water, sparkling water with a slice of lemon, or unsweetened herbal teas.
2.  **Be Mindful of Sweeteners:** When you *do* use sweeteners, let's aim for moderation. Let's pay attention to portion sizes and how you feel afterward – are you satisfied, or do you feel the need for more food?
3.  **Prioritize Whole Foods:** You mentioned enjoying bananas and chicken – those are fantastic choices! Focusing on whole, unprocessed foods will naturally help manage your blood sugar and overall health.
4.  **Listen to Your Body:** Pay attention to how your body responds to different foods and sweeteners.

**Important Note:** I want to be clear – this isn't about eliminating sweeteners completely unless that's your goal. It's about being informed, making conscious choices, and focusing on a sustainable approach to your health. 

**Next Steps:**

I’d love to delve deeper into your current eating habits, understand what types of “processed snacks” you’re typically enjoying, and discuss strategies to gradually reduce your reliance on sweeteners. Would you be open to scheduling a follow-up session where we can do that? 

Remember, Peter, you’re taking a really positive step by asking this question, and I’m here to support you every step of the way. 

Do you have any initial thoughts or questions after hearing this?",200,66.365
25,answerable,Is drinking wine okay if I'm prediabetic?,"Okay, Peter, let’s talk about this – it’s fantastic that you’re being so proactive about preventing diabetes, and it’s completely understandable that you’re exploring how alcohol might fit into your picture. I want to be really clear and gentle here, and I appreciate you sharing your goals with me.

Based on the research we’ve reviewed, the situation with alcohol and diabetes risk is actually quite nuanced. The findings aren’t straightforward ‘yes’ or ‘no,’ and it’s really important to approach this with caution, especially given your goal of *preventing* diabetes.

Here's what the research suggests, keeping in mind your specific profile:

**The Good News (and where it *might* fit):**

*   **Wine Seems to Offer a Small Benefit:** Studies – like the ones from Knott et al. and subsequent research – have consistently shown that *moderate* wine consumption is linked to a slightly lower risk of type 2 diabetes compared to beer and spirits.  Specifically, a daily intake of 63g of alcohol (around 1 drink – roughly 10-14g of alcohol) appears to show the most significant reduction in risk, especially for women and non-Asian populations.
*   **U-Shaped Relationship:**  There's a “U” shape to the relationship.  The lowest risk seems to be around 63g of alcohol per day, but more than that, and the risk starts to increase.

**Important Considerations for *You*, Peter:**

*   **You're Actively Preventing Diabetes:** This is the *most* important thing. Given your goal of *prevention*, introducing any substance with a potential risk, even a small one, needs to be carefully considered.
*   **Your Diet Matters:** The benefits of moderate wine consumption are likely most pronounced when combined with a healthy, balanced diet – and you're already aware of the importance of this.
*   **Individual Variation:** Everyone responds differently to alcohol. Factors like genetics and overall health can play a role.

**My Recommendation – and it's a cautious one:**

Given your specific goals, I would strongly advise *against* starting to drink wine simply to potentially reduce your diabetes risk. The evidence isn't strong enough to recommend this as a preventative measure. 

**Instead, let’s focus on what we *do* know works – a healthy, balanced diet (emphasizing whole foods), maintaining your moderate activity level, and regular check-ups with your doctor.**

**Disclaimer:** *I am an AI assistant and cannot provide medical advice. This information is for educational purposes only. Please consult with your physician or a registered dietitian for personalized guidance based on your individual health needs.*

Do you want to talk a little more about specific aspects of your diet that we could tweak to further support your diabetes prevention goals? Or perhaps we could discuss strategies for managing cravings and making healthy choices in situations where you might be tempted to indulge in sugary drinks?",200,61.524
26,answerable,Can high cholesterol in my diet worsen diabetes?,"Okay, Peter, let’s talk about this – it’s really great that you're being so proactive about preventing diabetes at 39. It’s fantastic you're taking charge of your health, and I want to assure you that we can work together to make some positive changes.

Now, you asked about whether high cholesterol in your diet could worsen diabetes, and that's a really important question. Based on what the research shows – and I want to be very clear about this – the connection isn't as straightforward as you might think.

The information I’ve reviewed suggests that your body actually makes enough cholesterol on its own. We don't *need* to get all our cholesterol from food, which is reassuring. The research hasn’t found a strong link between dietary cholesterol intake and increased risk of heart disease, particularly when it comes to the general population. 

However, it's true that there’s still a lot we don't fully understand about how dietary cholesterol interacts with diabetes. The research is ongoing, and it’s important to acknowledge that while dietary cholesterol isn’t a primary driver of cardiovascular disease for most people, it’s something we should still be mindful of, especially given your goal of *preventing* diabetes. 

**Here’s what I’d like to focus on, considering your preferences and what you’ve shared:**

*   **Your Diet:** You mentioned you enjoy bananas and chicken, which are both fantastic choices! Let's really lean into those. We can work together to reduce some of the processed snacks and sugary drinks you've been consuming – that will have a huge positive impact on your overall health and your blood sugar levels.
*   **Individual Response:** It’s important to remember that people respond differently to dietary cholesterol. We’ll monitor your blood sugar levels and cholesterol levels closely as we make these changes.
*   **Focus on Overall Health:** Ultimately, managing diabetes effectively is about a combination of diet, activity, and potentially medication, if needed. 

**Moving Forward:**

I’d like to schedule a follow-up appointment where we can delve deeper into creating a personalized meal plan that aligns with your likes and preferences while supporting your diabetes prevention goals. We can discuss strategies for gradually reducing your intake of sugary drinks and processed snacks and prioritize foods like bananas and chicken. 

**Important Disclaimer:** *I am an AI assistant and not a registered dietitian or medical professional. This information is for general knowledge and informational purposes only, and does not constitute medical advice. It is essential to consult with a qualified healthcare provider for any health concerns or before making any decisions related to your health or treatment.*

Do you feel like we’ve covered the basics of this, Peter? Would you like to schedule our next session to start crafting a plan tailored for you?",200,55.322
27,answerable,Should I limit eggs if I have diabetes?,"Okay, Peter, let’s talk about eggs and your goal of preventing diabetes – it's fantastic that you're being so proactive, and I want to help you feel confident in making the best choices for your health. 

Based on what we've discussed, you're aiming to keep your blood sugar levels stable and prevent diabetes, and that's a really positive step. And, considering your preferences – you enjoy bananas and chicken, and you’re mindful of avoiding wheat, nuts, and those strong-flavored Brussels sprouts – we can absolutely build a plan that works well for you.

Now, let's address the question of eggs. The research, particularly the studies you’ve referenced, actually paints a more nuanced picture than you might initially think.  Those studies showed that focusing on a balanced diet rich in vegetables, fruits, and whole grains from a young age – things like a good variety of fruits and vegetables – *did* lead to better insulin sensitivity. 

Here’s the key takeaway: eggs aren’t necessarily “bad,” but they do contain dietary fat, and high intakes of dietary fat, particularly saturated fat, can impact insulin sensitivity. However, most research doesn't suggest that eating eggs regularly *causes* problems in people who are managing their blood sugar well.

**What we can do:**

*   **Moderation is key:** Rather than eliminating eggs entirely, let’s aim for a moderate intake – maybe 1-2 eggs a few times a week. This aligns with a balanced approach that promotes overall health.
*   **Pairing matters:**  When you do eat eggs, let's focus on pairing them with plenty of vegetables, which will help to balance things out.  You already enjoy chicken, so incorporating eggs with some green vegetables like spinach or broccoli would be a good strategy.
*   **Listen to your body:** Everyone responds differently. Keep a food diary to monitor how you feel after eating eggs, alongside your blood sugar levels if you regularly check them. 

**Important Note:** It's great that you’re aware of potential triggers like gluten. The research suggests that gluten intake doesn’t directly *cause* type 2 diabetes, but it's always worth being mindful, especially since you're sensitive to wheat. 

**Moving forward:** 

I'd like to schedule a follow-up conversation to really dig into your current eating habits and create a more specific plan based on your individual needs and preferences. We can talk about portion sizes, meal ideas, and ways to incorporate your favorite foods while keeping your blood sugar in check.  

Don’t worry about feeling overwhelmed; we’ll take this one step at a time. Your commitment to your health is truly admirable, Peter, and I’m here to support you every step of the way. 

Do you have any initial questions or thoughts after our discussion so far?",200,58.48
28,answerable,Is it bad to eat saturated fat with diabetes?,"Okay, Peter, let’s talk about this – it’s really great that you're being so proactive about preventing diabetes, and I want to reassure you that you’re taking a really important step by thinking about your diet. It's fantastic that you’re focusing on your health at 39!

Now, regarding saturated fat and diabetes… the science is actually a bit more nuanced than you might think, and it’s evolved quite a bit recently. 

Based on the research I've reviewed, the older view – that all saturated fat is bad – is being challenged. The older studies didn’t find a strong link between saturated fat and diabetes, and more recent, larger studies are showing a surprisingly interesting connection. 

**Specifically, a recent study found that *higher* intake of saturated fat was actually associated with a *lower* risk of total mortality in people with diabetes!** (Let’s be clear – this doesn’t mean you should suddenly load up on saturated fat, but it does suggest the relationship is more complicated).

**Here’s what the research shows is most important for you:**

*   **It’s not *all* saturated fat that’s equal.** The PREDIMED study, which looked at people with diabetes, found that replacing saturated fat with *monounsaturated* and *polyunsaturated* fats significantly reduced the risk of cardiovascular disease (CVD) and death. 
*   **Focus on the *type* of fat:** Replacing saturated fat with olive oil (monounsaturated) or foods rich in omega-3 fatty acids (polyunsaturated – think fatty fish like salmon) is a much better strategy. These fats can lower your total cholesterol and LDL cholesterol (the “bad” cholesterol). 
*   **Your current diet:** You mentioned you enjoy bananas and chicken – those are good choices! We can definitely build around those, focusing on incorporating more healthy fats.

**Important note:** I’m taking into account that you have allergies to nuts and wheat. 

**Moving forward, here’s what I’d recommend we focus on:**

1.  **Swap, don't eliminate:** Instead of cutting out saturated fat entirely, let's work on swapping it for healthier fats. 
2.  **Prioritize unsaturated fats:** We can incorporate more olive oil, avocado, and fish.
3.  **Continue to make smart choices:** You’re already on the right track with your fondness for chicken and bananas. Let's focus on adding in those healthier fats.

**Disclaimer:** *I am an AI assistant and cannot provide medical advice. This information is for general knowledge and informational purposes only, and does not constitute medical advice. It is essential to consult with a qualified healthcare professional for any health concerns or before making any decisions related to your health or treatment.*

Would you like to talk a little more about how we can specifically make some changes to your diet, considering your preferences for foods like chicken and bananas?",200,61.399
29,answerable,Can I get off insulin if I lose weight?,"Okay, Peter, let’s talk about this – it's fantastic that you're thinking about potentially stepping off insulin. It shows you're really committed to preventing diabetes and taking control of your health, and I want to be really clear: I’m here to support you every step of the way.

Based on what you’ve shared – your age, height, current weight, and that you're moderately active – and your fondness for things like bananas and chicken, it's absolutely possible that weight loss alone could lead to a reduction in your insulin needs. 

However, the research, like the UK Prospective Diabetes Study (UKPDS) and others, consistently shows that the *greater* the weight loss, the more significant the benefits, particularly in terms of lowering your blood glucose levels. The studies suggest aiming for a weight loss of 15% would be the most impactful. 

**Important Note:** This doesn’t mean simply losing a little bit of weight will automatically do the trick.  It’s about a sustained, significant shift in your weight.

**Here’s what we need to focus on, working together:**

1.  **Continue your activity:** You're already moderately active, which is excellent. Let’s talk about how we can potentially *increase* that – even small changes can make a difference.
2. **Dietary Changes:** You enjoy bananas and chicken, which are fantastic choices! We want to build on those.  Let’s look at gradually reducing the processed snacks and sugary drinks – these can be big contributors to blood sugar spikes.  We can focus on building a really balanced eating plan around your preferences. 
3. **Close Monitoring with Your Doctor:** *Crucially*, any changes to your insulin dosage *must* be done under the close supervision of your doctor. We’ll need to regularly monitor your blood glucose levels to see how your body is responding. 

**Don’t think of this as a quick fix.** It’s about building sustainable habits for long-term health. 

**I want to reassure you, Peter, that this is a journey, and it’s perfectly okay to have ups and downs. It's about progress, not perfection.** 

**To start, could you tell me a little more about:**

*   What does a typical day of eating look like for you?
*   What kind of activity are you currently doing, and how often?",200,51.582
30,answerable,Will reducing carbs help reduce diabetes meds?,"Okay Peter, let’s talk about this – it’s fantastic that you’re being so proactive about preventing diabetes at 39, and it's really smart to be asking these questions. Your health profile – being 180cm tall, weighing 79kg, and moderately active – puts you in a good position, but it’s wonderful that you're taking steps to stay ahead of the game.

You've raised a really important point about carbohydrates and diabetes, and I want to explain it clearly. You’re right to recognize that carbohydrate needs *do* differ for people with diabetes compared to the general population. 

Here’s the key thing: carbohydrates *are* the primary driver of blood sugar changes. When we eat foods containing sugars, starches, and fiber, our bodies break them down into glucose, which raises our blood sugar levels. 

**For people with diabetes, the goal is to manage these blood sugar spikes more effectively.** This isn't about eliminating carbs entirely – they're a vital part of a healthy diet – but it’s about *how* we choose them and *how much* we eat. 

Think of it like this: some carbohydrate-rich foods cause a rapid and significant spike in blood sugar, followed by a sharp drop. This can be tricky for people with diabetes as it can lead to instability.  That's where focusing on the *quality* of carbs really matters. 

**What this means for you:** You want to prioritize foods that are high in fiber (like bananas, which you enjoy!), and lower in added sugars and refined starches. Fiber helps slow down the absorption of sugar, leading to a more gradual and controlled rise in blood glucose. 

**Regarding your preferences –** I’m glad to hear you like bananas and chicken, as those are great choices!  Let’s work together to find ways to incorporate more foods like those while still focusing on the quality of carbs. 

**Important note:** *I am an AI and cannot provide medical advice.* It is crucial that you discuss any dietary changes with your doctor or a registered dietitian for personalized guidance, especially as you're focusing on prevention. 

Would you like to talk more about specific types of carbohydrates – like whole grains versus refined grains – or perhaps explore some simple swaps you could make in your diet?",200,47.838
31,answerable,Can eating patterns prevent prediabetes from becoming diabetes?,"Okay, Peter, let’s talk about this – and I want to start by saying that it’s fantastic that you’re taking this step to proactively manage your health. Recognizing the potential for prediabetes and wanting to prevent diabetes at 39 is incredibly smart and shows you’re really invested in your wellbeing. 

Based on the current research, the good news is that we *can* make a significant difference through what we eat. However, it’s important to approach this with a realistic understanding of the science. As you've outlined, there isn’t one ""magic bullet"" eating pattern that works perfectly for everyone. 

Here’s what the evidence currently suggests, focusing on what’s consistently beneficial:

**1. The Key Principles – These Are Found in Almost All Effective Approaches:**

*   **Non-Starchy Vegetables:** We absolutely need to be filling your plate with these! Think leafy greens (spinach, kale, lettuce – even though you might not love Brussels sprouts, we can explore other options!), broccoli, cauliflower, peppers, cucumbers, zucchini... These are packed with nutrients and fiber, which is hugely important for blood sugar control.
*   **Minimize Added Sugars & Refined Grains:** This is a big one. Things like sugary drinks (which you’ve mentioned), white bread, white rice, and pastries can cause rapid spikes in blood sugar. We’re talking about significantly reducing these and opting for whole-grain alternatives when possible.
*   **Whole Foods Over Processed:**  This is a cornerstone of healthy eating, period, and especially crucial here.  Processed foods are often loaded with added sugars, unhealthy fats, and sodium, all of which can negatively impact your blood sugar and overall health.

**2. What the Research Shows (Without a Clear Winner):**

Different eating patterns have shown benefits for different aspects of diabetes management. It’s more about finding *your* best approach based on your individual needs and preferences. 

**3.  Personalizing This for You, Peter:**

Given your preferences, let’s think about how we can incorporate these principles. You enjoy bananas – fantastic! They're a good source of potassium and fiber, but portion size is important. You like chicken, which is a great lean protein source, and that’s fantastic. 

We can work together to find creative ways to add more non-starchy vegetables to your meals – perhaps roasted veggies alongside your chicken, or adding them to soups and salads. 

**Important Next Steps:**

I really recommend we work together to set some specific, achievable goals. We can start small – maybe aiming to swap one sugary drink a day for water, or adding a side of steamed broccoli to one of your meals this week. 

**Disclaimer:** *I am an AI assistant and not a medical professional. This information is for general knowledge and informational purposes only, and does not constitute medical advice. It is essential to consult with your doctor or a registered dietitian for personalized advice.*

Would you like to talk a little more about what a typical day of eating looks like for you right now, so we can start to identify some areas for improvement?",200,62.225
32,answerable,Is weight loss surgery good for people with diabetes?,"Okay, Peter, let’s talk about this – and I want to start by saying this is a really proactive and thoughtful step you’re taking to focus on preventing diabetes. It’s fantastic that you're recognizing the importance of this, and I'm here to help you navigate this process with kindness and accuracy. 

Based on what you’ve shared – your age, height, current weight, and activity level – and your preferences (particularly enjoying bananas and chicken, while steering clear of brussels sprouts!), we can definitely explore some strategies that could be really beneficial.

Now, let's look at the research you cited. It's really important to understand that the more weight you’re able to lose, the better the results tend to be when it comes to managing diabetes. The UK Prospective Diabetes Study (UKPDS) was a really significant study, and it showed that a larger weight loss – specifically around 15% of your starting weight – led to a more significant reduction in fasting glucose levels. 

**Here’s what I’m thinking, considering your situation:**

*   **Aiming for 15%:** Given your starting weight of 79kg, a goal of around 11-12kg of weight loss would be a very worthwhile target. This isn’t about a quick fix; it’s about sustainable changes that will significantly improve your health.
*   **Focus on a Balanced Approach:** Since you enjoy bananas and chicken, we can certainly build meals around those foods while still incorporating a healthy, balanced diet. We’ll focus on lean protein sources like chicken, plenty of fruits and vegetables (excluding those you dislike!), and whole grains.
*   **Mindful Snacking:** You mentioned some processed snacks. Let's work together to find healthier alternatives – perhaps Greek yogurt with fruit, or a small portion of air-popped popcorn. 
*   **Hydration:** Drinking plenty of water can help you feel full and support your overall health.

**Important Note:** I want to emphasize that I'm here to support you as you make these changes. It's a journey, and there will likely be ups and downs. Let's work together to set realistic goals, track your progress, and celebrate your successes – no matter how small they may seem! 

**Next Steps:** 

I'd love to schedule a little time to discuss your eating habits in more detail and develop a personalized plan. Perhaps we can talk about some specific meal ideas and strategies for managing those cravings. Would you be open to that?

**Disclaimer:** *I am an AI assistant and cannot provide medical advice. This information is for general knowledge and informational purposes only, and does not constitute medical advice. It is essential to consult with a qualified healthcare professional for any health concerns or before making any decisions related to your health or treatment.*",200,57.828
33,answerable,Are plant-based diets better than low-carb for diabetes?,"Okay, Peter, let's talk about this really important topic – how carbohydrates relate to your diabetes prevention goals. It’s fantastic that you're being proactive and thinking about this now at 39; it’s absolutely the right thing to do.

Based on the information we have, and importantly, considering your situation – you're moderately active, enjoy bananas and chicken, and we need to be mindful of those occasional processed snacks – it’s clear that carbohydrate needs *do* differ for people with diabetes compared to the general population. This is a really key point.

Think of carbohydrates as your body’s main source of energy. But, as the text explains, the *type* of carbohydrates you eat makes a huge difference. Foods high in sugars and refined starches tend to cause quicker, bigger spikes in your blood glucose levels. Those spikes are what we’re trying to minimize to help prevent diabetes.

**Here’s what’s important to understand:**

* **Glycemic Response:** The key is something called the ""glycemic response."" Foods with a high glycemic index (GI) cause a rapid rise and then a rapid drop in blood sugar. This can put a strain on your body and potentially contribute to insulin resistance – a key factor in developing type 2 diabetes.
* **Fiber is Your Friend:** Foods rich in fiber – like your beloved bananas – are far better. Fiber slows down the absorption of sugar into your bloodstream, leading to a much more gradual and controlled rise in blood glucose.
* **Individualization is Key:**  Because everyone’s body responds differently, the specific amount of carbohydrate you need will be unique to *you*. 

**Now, let’s talk about you specifically:**

Given your preference for bananas and chicken, we can absolutely work with this! Bananas are a good source of fiber and nutrients, but portion control is still important. We can build your eating plan around incorporating more fiber-rich foods alongside your favorite meals.

**Moving forward, let’s focus on:**

1.  **Prioritizing Complex Carbohydrates:** Focusing on whole grains, fruits (like bananas in moderation), and starchy vegetables.
2.  **Reading Labels:**  Become very aware of added sugars in processed foods – you mentioned enjoying snacks, so this is especially crucial.
3.  **Small, Frequent Meals:** This can help stabilize blood glucose levels.

I’d like to schedule a follow-up appointment so we can delve deeper into creating a personalized eating plan that aligns with your preferences and helps you achieve your diabetes prevention goals.  How does that sound to you?

**Important Disclaimer:** *I am an AI assistant and cannot provide medical advice. This information is for general knowledge and informational purposes only, and does not constitute medical advice. It is essential to consult with a qualified healthcare professional or registered dietitian for any health concerns or before making any decisions related to your health or treatment.*

Do you want to schedule a follow-up session, or would you like me to provide some specific meal ideas based on your likes?",200,58.78
34,answerable,How much exercise should I do to prevent diabetes?,"Okay, Peter, let’s talk about this – and it’s fantastic that you’re taking such a proactive step to prevent diabetes. It’s really commendable of you to recognize this and want to do something about it. Based on what we know, and particularly considering your current weight of 79kg at 180cm, and your moderately active lifestyle, a realistic and impactful goal is aiming for a 7-10% weight loss. The research, specifically looking at phentermine/topiramate, shows that’s where you’ll see the biggest positive impact – a remarkable 79% reduction in the risk of developing type 2 diabetes over two years. Any further weight loss beyond that 15% mark doesn’t seem to offer an additional benefit, so let's focus on that initial 7-10% for the greatest effect.

Now, let’s talk about *how* to achieve that, keeping in mind your preferences. Since you enjoy bananas and chicken, we can definitely build a plan around those! 

Here’s a breakdown of what we can focus on:

**1. Exercise – A Combination is Key:**

*   **Aerobic Exercise:** Aim for at least 150 minutes of moderate-intensity aerobic exercise per week – that’s about 30 minutes, five days a week. This could be brisk walking (which you can easily incorporate!), cycling, swimming… anything you enjoy!
*   **Resistance Training:**  Incorporating strength training twice a week is *crucial*. This helps build muscle mass, which boosts your metabolism and helps you manage your weight more effectively. You could use bodyweight exercises (like squats and push-ups), resistance bands, or light weights. 

**2. Diet - Small Changes, Big Impact:**

*   **Focus on whole foods:** Prioritize lean proteins like chicken, plenty of fruits (especially bananas!), and non-starchy vegetables.
*   **Reduce processed snacks and sugary drinks:** You mentioned this is an area you could work on. Cutting back on these is key to managing your blood sugar and overall health.
*   **Portion control:** This is really important, especially with things you enjoy like chicken. 

**Important Note:** Because you have allergies to nuts and wheat, we’ll need to be extra careful about reading labels and choosing appropriate alternatives. 

**Let’s take things one step at a time, Peter.** Don’t feel overwhelmed. We can start with small, achievable goals, like adding a 30-minute walk to your routine three times a week. 

**I want to emphasize this isn’t about drastic changes – it’s about building sustainable habits.** I’m here to support you every step of the way.  Would you like to talk a little bit more about what a starting point might look like for you, perhaps focusing on a specific type of exercise you’d be comfortable with? Or maybe we can talk about some simple swaps you could make with your current diet?  

Do you have any initial questions or thoughts about all of this?",200,62.877
35,answerable,Is eating after 8pm bad for blood sugar?,"Okay, Peter, let’s talk about this – it’s really smart of you to be thinking about how evening eating and alcohol might be impacting your blood sugar and your goal of preventing diabetes. You’re right to be proactive about this, and I want to assure you that we can definitely work through it together.

The information you've shared is quite important and actually quite insightful. The research shows that, for people with diabetes like yourself – particularly those who use insulin or medication that stimulates insulin release – consuming anything, including a snack, after 8 pm *can* increase the risk of a delayed hypoglycemia – meaning a drop in blood sugar that happens later than you might expect. 

Here's what's happening, based on what the experts are saying:

*   **Insulin Interference:** When you eat after a period of not eating (like overnight), your body releases insulin. Alcohol can actually *block* your body’s ability to produce more insulin when needed, and that's why it can cause a delayed drop in blood sugar.
*   **Delayed Response:** Alcohol can also reduce your awareness of low blood sugar because it affects your brain.

**What can you do?**

1.  **Timing Matters:** You're absolutely right to consider the timing. Because of this, consuming a snack after 8 pm carries a higher risk.
2.  **Eat with It:** The research strongly suggests that eating *something* with your evening snack or meal will greatly reduce the risk. It seems that having food present slows down the effects of alcohol on your blood sugar.
3.  **Smart Choices:** Given you enjoy bananas and chicken, those would be excellent choices for a small evening snack. They’re relatively low in sugar and offer sustained energy.
4.  **Monitor Closely:** Given your goals, I’d recommend being extra vigilant about checking your blood sugar levels a couple of hours after any evening snack or meal, especially when you’ve had a drink.

**Important Note:** I want to emphasize that everyone responds differently. We can work together to find a plan that feels comfortable and safe for you. 

**Disclaimer:** *I am an AI assistant and not a medical professional. This information is intended for general knowledge and informational purposes only, and does not constitute medical advice. It is essential to consult with your doctor or a registered dietitian for personalized advice.*

Would you like to talk about some specific snack ideas that would be good for you, or perhaps discuss how we can incorporate some of these strategies into your daily routine?",200,51.41
36,answerable,Can personalized diets based on genetics help with diabetes?,"Okay, Peter, let’s talk about this – and I want to start by saying it's fantastic that you’re being so proactive about preventing diabetes at 39. That’s a really smart and empowering step, and I’m here to help you explore how personalized nutrition might fit into your plan.

Based on what you’ve shared – your age, height, weight (which puts you in a healthy range, by the way!), moderately active lifestyle, and current diet – it’s definitely worth considering how we can fine-tune your approach. 

Now, you're right to ask about the role of genetics, metabolomics, and the microbiome. Recent research, including studies published in *Diabetes Care* – like the one you referenced about short-term caloric excess – suggests that personalized nutrition could play a significant part.  Essentially, it’s moving beyond a “one-size-fits-all” approach and recognizing that our bodies respond differently to food based on our unique biology.

**Here’s what we’re seeing:**

*   **Genetics:** Certain gene variants can influence how your body processes carbohydrates, how efficiently you use insulin, and even how you respond to saturated fats. Identifying these variations could help us tailor your diet to minimize your risk.
*   **Metabolomics:** This looks at the chemical byproducts in your body – how your body is actually processing the nutrients you're consuming. This is incredibly valuable for understanding potential sensitivities and imbalances.
*   **Microbiome:** The trillions of bacteria living in your gut play a huge role in everything from digestion to immune function and even insulin sensitivity. A personalized diet could help nurture a healthier gut microbiome, which could be a key factor in preventing diabetes.

**Specifically for you, Peter, considering your preferences and allergies:**

*   **Bananas are a great choice!** They’re a good source of potassium and fiber, which are beneficial.
*   **Chicken is a fantastic protein source** and will help you feel satisfied.
*   **We’ll absolutely need to address those processed snacks and sugary drinks.** They can significantly contribute to blood sugar spikes.
*   **Given your wheat allergy,** we'll need to focus on whole, unprocessed foods – think plenty of fruits, vegetables, and lean proteins.

**Important Note (and this is critical):** While research is promising, it’s still relatively early stages. Short-term studies (like the 3-week trial you mentioned) give us a snapshot, but long-term outcomes are still being investigated. It’s absolutely crucial to view personalized nutrition as part of a *holistic* approach. 

**What’s next?** 

I’d like to delve deeper into this. Would you be open to discussing:

*   **A more detailed assessment of your current eating habits?** (We can track this for a week to get a really clear picture.)
*   **Exploring potential testing options?** (Genetic testing and/or microbiome analysis could provide valuable insights, though these come with costs and it’s important to discuss the interpretation with a qualified professional).
*   **Building a gradual, sustainable plan** that focuses on whole foods, mindful eating, and regular physical activity? 

Remember, Peter, this is a journey, and I'm here to support you every step of the way. Let’s work together to build a plan that’s right for *you*. 

**Disclaimer:** *I am an AI assistant and not a registered dietitian or medical professional. This information is for general knowledge and informational purposes only, and does not constitute medical advice. It is essential to consult with a qualified healthcare provider for any health concerns or before making any decisions related to your health or treatment.*",200,70.109
37,answerable,What eating pattern lowers diabetes risk the most?,"Okay, Peter, let’s talk about this – preventing diabetes is a really important goal, and it's fantastic that you're taking this seriously at 39. It’s great that you’re already aware of your habits and wanting to make a change.

Based on the latest research, and I want to be really clear about this, there isn't one *single* eating pattern that’s definitively the “best” for everyone with diabetes risk. That’s actually a really positive thing, because it gives us a lot of flexibility. However, the key is to focus on the core principles that consistently show promise across different approaches. 

Let’s break that down:

1. **Non-Starchy Vegetables are Key:** You absolutely want to be loading up on these! Think leafy greens like spinach and kale, broccoli, cauliflower, peppers, zucchini… anything that isn’t a starchy vegetable (like potatoes or corn) is fantastic for you. They’re packed with nutrients and fiber, which helps manage blood sugar.

2. **Minimize Added Sugars and Refined Grains:** This is a big one. We're talking about cutting back on sugary drinks, pastries, white bread, and white rice. These cause rapid spikes in blood sugar.

3. **Choose Whole Foods:** This means prioritizing foods in their natural state – things like lean protein (like the chicken you enjoy!), whole fruits (bananas are a great choice!), and whole grains when you do choose them.

**Now, let’s talk a little bit about your preferences and what might work for *you*:**

Since you enjoy bananas and chicken, and you’re okay with a little bit of whole grain, it’s a really good starting point.  We can build from there.

**Important Note:** Because you have a wheat allergy, we need to be *very* careful about whole grains – we’ll need to find good gluten-free options. 

**Here's a gentle suggestion for getting started:** Let’s focus on building meals around those things you enjoy - chicken, bananas, and plenty of non-starchy veggies. We can experiment with adding small amounts of quinoa or brown rice if you’re comfortable with it. 

**Moving Forward:** 

I know making changes can feel overwhelming, so let's take it one step at a time.  We can discuss this further and create a plan that feels manageable and sustainable for *you*. Would you like to start by discussing a sample meal plan incorporating these principles? 

*Important Disclaimer: *I am an AI assistant and cannot provide medical advice. This information is for general knowledge and informational purposes only, and does not constitute medical advice. It is essential to consult with your doctor or a registered dietitian for personalized advice and treatment.*",200,56.337
38,answerable,Are nuts good for controlling blood sugar?,"Okay, Peter, let’s talk about carbohydrates and your goal of preventing diabetes – it’s fantastic that you’re taking this proactive step! You’ve raised a really important point, and it’s great that you’re seeking a deeper understanding.

Based on the research we’ve reviewed, yes, carbohydrate needs *do* differ for people aiming to prevent diabetes compared to the general population. The science shows that carbohydrates have a significant impact on blood glucose levels, and we need to manage this carefully. 

Think of it this way: carbohydrates are the body’s primary energy source, and because of this, they directly influence how your blood sugar rises after you eat. 

**Here’s what’s key, particularly for you given your goals:**

*   **Glycemic Response Matters:** The type of carbohydrate you choose is *crucial*. Foods high in simple sugars (like sugary drinks or processed snacks – which you mentioned you sometimes include) tend to cause a rapid spike in blood glucose, followed by a quick drop, which can put a strain on your body.
*   **Fiber is Your Friend:**  You want to focus on carbohydrates that are rich in fiber. Fiber slows down the digestion and absorption of sugar, leading to a more gradual and sustained rise in blood glucose. Think about incorporating foods like bananas (which are a good source of fiber) and other whole fruits and vegetables into your diet.
*   **Individualized Approach:** It’s not just *what* you eat, but *how much* and *what kind* of carbs you consume that matters most. 

**Considering your preferences and allergies:** Since you enjoy bananas and chicken, and you're avoiding wheat and Brussels sprouts, we can absolutely build a plan that centers around those foods while prioritizing fiber-rich options.  

**Important Note:**  I understand you’ve shared that you sometimes include processed snacks and sugary drinks, and this is common. It’s wonderful that you're aware of this and wanting to change it. Small, sustainable changes are key!  

**Moving Forward:**  I’d like to help you create a personalized eating plan that aligns with your goals and preferences. We can discuss practical strategies for managing your carbohydrate intake, incorporating more fiber-rich foods, and making mindful choices about your snacking habits. 

Would you be open to exploring some specific meal ideas and strategies that we can tailor to your tastes? 

**Disclaimer:** *I am an AI assistant and cannot provide medical advice. This information is for educational purposes only and should not be considered a substitute for consultation with a qualified healthcare professional or registered dietitian.*",200,51.916
39,answerable,Is it dangerous to fast with type 1 diabetes?,"Okay, Peter, let's talk about this – it’s fantastic that you’re taking such a proactive step by considering how your eating plan impacts your health, especially with your goal of preventing type 2 diabetes. It's really important to address this, given the significant challenges we're seeing with weight and diabetes in people with type 1 like yourself.

Based on what we know, and what you've shared, the situation is actually quite concerning, and it’s a really smart move on your part to be asking about it. The research clearly shows that obesity is a big factor for individuals with type 1 diabetes.  As you know, currently, over 50% of people with type 1 diabetes are overweight or obese – and this isn’t just about aesthetics; it has a really profound impact on managing your diabetes.

**Here's a breakdown of why eating plans that create energy deficits (meaning you’re burning more calories than you consume) can be tricky and what we need to consider:**

*   **Increased Risk of Progression:** The research suggests that obesity can actually *promote* the development of type 1 diabetes in people who are already at risk. It’s a complex interplay, but creating a sustained energy deficit could potentially help reduce this risk.
*   **Worsening Existing Problems:** Once you have type 1 diabetes, excess weight significantly worsens several things:
    *   **Insulin Resistance:** It makes it harder for your body to use the insulin you take, meaning you might need more insulin.
    *   **Glycemic Variability:** This means your blood sugar levels will swing more wildly, making it harder to manage.
    *   **Complications:** It increases your risk of developing microvascular complications (like nerve damage and eye problems) and cardiovascular disease.

**Important Considerations for *You*, Peter:**

*   **Your Current Diet:** You mentioned enjoying bananas and chicken – those are excellent choices! But we also know you sometimes have processed snacks and sugary drinks, which can really throw things off.  We need to focus on a balanced approach, incorporating those things in moderation.
*   **Personalized Approach:** Creating a sustainable energy deficit needs to be done *carefully* and with careful monitoring. We need to figure out a healthy and balanced calorie level for *you*, considering your activity level (you're moderately active, which is great!), your height and weight.
*   **Blood Sugar Monitoring is Crucial:** Any changes to your eating plan *must* be carefully monitored through regular blood sugar testing. This will help us understand how your body is responding and make necessary adjustments.

**Disclaimer:** *I am an AI assistant and not a medical professional. This information is for general knowledge and informational purposes only, and does not constitute medical advice. It is essential to consult with your healthcare team – your endocrinologist and a registered dietitian – to develop a personalized management plan that is right for you.*

**Next Steps:**

I’d like to help you think about this more concretely.  Could you tell me a little more about:

*   On a typical day, what does your eating pattern look like? (Be honest - no judgment here!)
*   Are there any specific areas you'd like to focus on changing first?",200,63.657
40,answerable,Can I still drink beer with diabetes?,"Okay, Peter, let’s talk about this – it’s really great that you're being so proactive about your health and thinking about how alcohol might fit into your life. It’s fantastic that you’re focused on preventing diabetes, and I want to be as clear and supportive as possible. 

Now, let’s be very clear: alcohol *can* have an impact on blood sugar levels, and it’s something we need to approach with careful consideration. What’s really important to understand is that the effects aren't always straightforward. 

**What Happens When You Drink?**

Generally, alcohol can lower your blood sugar, especially when you’re first starting to drink. This is because it can interfere with your body's ability to release insulin – insulin is the key that unlocks your cells to let glucose in.  This effect is often more pronounced when you first start drinking. 

**The Good News – and Where Moderate Consumption Can Help**

However, and this is really important, research suggests that *moderate* alcohol consumption can actually have some positive effects for people with diabetes. Some studies have shown that a single drink – like a 12-oz beer, a 5-oz glass of wine, or 1.5 oz of spirits – can *improve* insulin sensitivity and even lead to a slight, beneficial drop in blood glucose levels.  It's like a little reset for your body.

**But it's Absolutely Crucial to be Smart**

That being said, it's absolutely vital to be mindful of a few things:

*   **Glucose Monitoring is Key:** Because alcohol can initially lower your blood sugar, it's incredibly important to monitor your glucose levels closely after you've had a drink. This will help you understand how your body is reacting and prevent any unexpected dips.
*   **Start Slow:** If you’re going to drink, start with a small amount and see how you feel.
*   **Pair with Food:** Always eating with your drink helps to mitigate the drop in blood sugar. 

**Personalizing This for You, Peter**

Given your activity level and balanced diet, and your goal of preventing diabetes, it’s a really smart approach to be thoughtful about this. Since you enjoy bananas and chicken, which are good choices for balancing your blood sugar, pairing a single drink with a banana or a chicken snack would be a good strategy.

**Important Note:** I’m an AI and cannot provide medical advice.  It’s absolutely essential that you discuss your alcohol consumption with your doctor or a certified diabetes educator. They can give you personalized guidance based on your specific health needs and medications. 

Do you want to talk a bit more about how to monitor your blood glucose after drinking, or perhaps explore some strategies for enjoying a drink while still managing your diabetes effectively?",200,55.417
41,answerable,Should I take vitamin D for diabetes?,"Okay, Peter, let’s talk about vitamin D and your goal of preventing diabetes – it's fantastic that you're being so proactive about your health! I understand you’re wondering about taking a vitamin D supplement, and it’s a really common question people with diabetes have.

Based on the information I have, and as a dietitian, I want to be really clear: the routine use of vitamin D supplements to improve blood sugar levels or prevent diabetes, as currently supported by scientific evidence, isn't recommended.  That’s because studies haven't shown that taking vitamin D alone makes a significant difference in managing diabetes.

Now, I know it can be frustrating when you hear about potential “quick fixes,” and it’s understandable you’re looking for ways to help. However, the research consistently shows that simply adding vitamin D without a diagnosed deficiency isn’t the best approach.

**Here’s what’s important to remember:**

*   **The Focus Should Be on a Balanced Diet:** You're already eating a fairly balanced diet, which is a really positive step. Focusing on getting the nutrients you need through whole foods like chicken, bananas (you enjoy those!), and other foods you like is the most effective strategy.
*   **Potential Deficiencies:** It's true that people with diabetes can sometimes have an increased risk of micronutrient deficiencies. This is because diabetes can affect how your body processes nutrients. However, simply taking a vitamin D supplement isn’t the answer here – we need to address the underlying issue. 

**What we can do:**

1.  **Talk to Your Doctor:** The most important thing is to discuss your concerns with your doctor or a registered dietitian. They can assess your vitamin D levels through a simple blood test. This will tell us if you’re actually deficient.
2.  **Prioritize Food Sources:** Since you enjoy bananas and chicken, let’s make sure you’re getting adequate amounts of Vitamin D from those foods.
3.  **Review Your Habits:** You mentioned you sometimes have processed snacks and sugary drinks – these can significantly impact blood sugar control.  Let’s look at ways to gradually reduce those and focus on more nutrient-dense choices. 

**Important Note:** *I'm an AI and cannot provide medical advice. This information is for general knowledge and discussion only. Always consult with your healthcare provider for personalized guidance.*

How does this sound to you, Peter? Would you like to talk a little more about your eating habits or perhaps explore some simple swaps you could make to help you feel even better about your health journey?",200,54.971
42,answerable,Do people with diabetes need more protein?,"Okay, Peter, let’s talk about protein and your goal of preventing diabetes – it’s fantastic that you’re being so proactive! It’s a really important piece of the puzzle, and I want to give you the most accurate information I can, while also acknowledging that research in this area is still evolving. 

You've raised a really important question, and it's one that’s being actively explored.  The truth is, there isn’t a single, simple answer to how much protein *everyone* with diabetes needs. That's because research is still ongoing, and the impact of protein can vary from person to person. 

Here’s what the current research suggests, based on what we know:

**Current Recommendations & What the Studies Show**

* **It’s More Complex Than You Might Think:**  Previous research, including those you referenced, has shown that increasing protein intake *can* lead to some positive changes – particularly when it’s a larger portion of your daily calorie intake. 
* **The 30% vs. 15% Study:** You mentioned a 12-week study that compared 30% of your calories coming from protein to 15%.  Interestingly, the group that consumed 30% protein saw improvements in weight, fasting glucose levels, and the amount of insulin they needed. This suggests that a higher protein intake can be beneficial for managing blood sugar.
* **Limited Research & Variation:** Importantly, it's crucial to recognize that this research is still developing, and the specific amount of protein that’s “best” for *you* might be different. There's a lack of consistent data, and it's why we often see slightly varied recommendations. 

**What a Reasonable Range Might Be (Based on Current Evidence)**

Given what we know, a reasonable starting point for *you*, considering your activity level and goal, would be to aim for around **1.2 to 1.5 grams of protein per kilogram of body weight per day.**

Let's calculate this for you:

*   Your weight is 79 kg (approximately 174 lbs)
*   Therefore, a range of 1.2 to 1.5 grams per kg would be approximately **95-119 grams of protein per day**. 

**Important Considerations for You, Peter:**

*   **Your Likes & Dislikes:** You enjoy chicken and bananas, which are good sources of protein. Focusing on those will definitely help you meet your protein goals.
*   **Balanced Diet:** It’s also really important to remember that protein is just *one* part of a healthy diet. You'll still need to focus on a balanced diet rich in fruits, vegetables, and whole grains. 
*   **Listen to Your Body:** Pay attention to how you feel after eating protein. 

**Disclaimer:** *I am an AI assistant and cannot provide medical advice. This information is for general knowledge and informational purposes only, and does not constitute medical advice. It is essential to consult with your doctor or a registered dietitian for personalized advice based on your individual health needs and circumstances.*

**Next Steps:**

I strongly recommend scheduling a consultation with a registered dietitian. They can assess your specific needs, taking into account your overall health, blood sugar levels, and any other medications you might be taking. They can help you create a truly personalized plan to prevent diabetes and support your health. 

Would you like me to help you find a registered dietitian in your area, or perhaps explore some protein-rich recipes that you might enjoy?",200,65.997
43,answerable,Does sodium affect diabetes?,"Okay, Peter, let's talk about sodium and your health, particularly in relation to preventing diabetes. It's fantastic that you’re taking such a proactive step – wanting to prevent diabetes at 39 is really smart and shows you’re thinking ahead. 

I want to be very clear: sodium *does* play a significant role in blood pressure, and high blood pressure is a major risk factor for diabetes and heart disease. The fact that the average sodium intake is around 3,500 mg a day – that’s about 10 teaspoons of salt! – is a concern, and aiming to reduce that is a really good idea. 

However, and this is a really important point, the research isn’t quite as straightforward as simply saying “lower sodium, lower risk.” As you’ve outlined in the information, there’s a bit of a complex picture. 

Here's what the research is suggesting, and why it’s good to approach this with a thoughtful perspective:

*   **Reducing Sodium is Good:** Aiming for a lower intake – around 2,300 mg a day – *does* show benefits for blood pressure, which is a huge plus.
*   **Too Much Caution with Extreme Reduction:**  The studies you cited – specifically the ONTARGET trial – actually found that very low sodium intakes (under 1.5 grams a day) were linked to *increased* mortality in people with type 2 diabetes. It’s like pushing too hard can sometimes be detrimental.
*   **Individual Response Matters:** Everyone responds differently. It's possible your body might be particularly sensitive to a very low sodium intake.

**What this means for you, Peter, given your profile:**

You're moderately active, which is fantastic for your overall health. And you enjoy bananas and chicken – those are generally healthy choices. Considering your preferences and your goal of prevention, I’d recommend we focus on a *gradual* reduction in sodium. 

**Here’s what I suggest we do:**

1.  **Start Slowly:** Let’s aim for a modest reduction – perhaps to 2,800-3,000 mg a day initially. This is a much more manageable target.
2.  **Read Labels Carefully:** Sodium is often hidden in processed foods, which you mentioned you sometimes include in your diet. Becoming a label detective is crucial.
3.  **Focus on Flavor:**  We can explore ways to boost flavor without relying heavily on salt. Herbs, spices, lemon juice, and vinegars are all fantastic options.
4.  **Monitor Your Blood Pressure:** Regular check-ups with your doctor are essential so we can track how your body is responding. 

**Important Note:** *I’m an AI and cannot provide medical advice. This information is for educational purposes only. Please discuss these recommendations with your doctor or a registered dietitian to create a personalized plan that’s right for you.* 

It’s wonderful that you’re taking control of your health, Peter. Let’s work together to make sustainable changes that support your well-being.  Do you want to talk about some specific foods you enjoy and how we could tweak them to be a little lower in sodium?",200,62.3
44,answerable,Will a low-GI diet lower my A1C?,"Okay, Peter, let’s talk about this and how a low-GI diet might help you with your goal of preventing diabetes. It’s wonderful that you're taking this proactive step – at 39, focusing on your health now can make a huge difference. 

Based on what you’ve shared – and I’ve taken note of your preferences for bananas and chicken, and that you enjoy some processed snacks and sugary drinks – we can definitely explore how dietary changes can help. 

Now, let’s talk about low-GI (glycemic index) and how it relates to your A1C. The information you’ve provided is excellent. Essentially, a low-GI diet focuses on foods that release glucose into your bloodstream slowly – like bananas, for example, which have a relatively low GI compared to, say, white bread. This is *really* important for preventing diabetes because it helps keep your blood sugar levels more stable. 

**Here’s the key connection, based on the information we’re working with:**

*   **What’s a Low-Carb Diet?**  The definition you’ve provided – 26-45% of your daily calories coming from carbohydrates – is a good framework. It's a more targeted approach than just generally reducing sugar.
*   **How it Affects A1C:**  By choosing foods with a lower GI, you’re naturally reducing the peaks and troughs in your blood sugar. Consistent, stable blood sugar levels are what contribute to a lower A1C. Your A1C is a measure of your average blood sugar over the past 2-3 months.
*   **Weight Loss and Other Benefits:** You’ll notice that a low-carb approach can also help with weight management – which is fantastic, given your activity level – and can positively impact things like blood pressure and cholesterol levels, as we've discussed.

**Important Considerations for You, Peter:**

*   **Your Preferences:** I know you enjoy bananas, and that’s great! They’re a good choice due to their lower GI. However, it’s also important to be mindful of portion sizes, as even healthy foods can impact blood sugar if you eat too much.
*   **Processed Snacks:** You mentioned enjoying some processed snacks – let’s work on finding healthier swaps. Things like nuts (since you’re allergic) can be a good source of protein and healthy fats, but let’s explore options like Greek yogurt or hard-boiled eggs.
*   **Sugary Drinks:** Definitely a key area to address. These are a major contributor to blood sugar spikes.

**Next Steps:**

I'd like to help you create a plan that feels sustainable and enjoyable.  Let's talk about some small, manageable changes you could make.  Perhaps we could start by tracking your current food intake for a few days so I can get a better sense of your habits.  

Would you be open to doing that?  And what feels like the most approachable change for you to start with – maybe reducing your sugary drink consumption, or finding a healthier snack option?

**Disclaimer:** *I am an AI assistant and not a substitute for professional medical advice. Please consult with your doctor or a registered dietitian for personalized guidance.*",200,61.649
45,answerable,Can losing just 5% of my weight help?,"Okay, Peter, let’s talk about this – it’s fantastic that you’re being so proactive about preventing diabetes at 39, especially given your height and current weight. It’s really smart of you to be asking about how much weight loss matters. 

Based on the research I’ve reviewed, and considering your situation, losing just 5% of your weight would absolutely be a really positive step. The studies I've looked at, particularly one using phentermine/topiramate, show a significant impact. Losing 10% of your weight reduced the risk of developing diabetes by a remarkable 79% over two years. Interestingly, further weight loss beyond 10% didn’t provide any *additional* benefit – so reaching 15%, for example, wasn’t necessary.

Think of it this way: that 10% drop is where you’ll see the biggest positive change in your risk factors. 

Now, let's talk about how we can make this happen, keeping your preferences in mind. You enjoy bananas and chicken, which are great choices, and we can focus on building a balanced eating plan around those. We can definitely work on reducing those processed snacks and sugary drinks – those are things we can tackle together. 

Also, remember that exercise is a key partner in this journey.  Studies show that physical activity alone can make a difference, and combining it with a healthy diet is even better. 

I want to emphasize that this is a journey, not a race. Let’s focus on sustainable changes that you can stick with.  Would you be open to discussing some small, achievable goals we could set this week?",200,38.05
46,answerable,How much fiber should I eat daily with diabetes?,"Okay, Peter, let's talk about fiber – it’s fantastic that you’re taking this step to proactively manage your health and really focus on preventing diabetes. It’s wonderful that you're already thinking about this at 39, and your current weight and activity level are a great starting point. 

Based on what we know and your goals, we really want to aim for a good amount of fiber in your diet. The Dietary Guidelines for Americans (DGA) recommends at least 14 grams of fiber for every 1,000 calories you eat. Given that you’re moderately active, your calorie needs are likely a bit higher than someone who’s less active. 

Now, a really good starting point for you would be to shoot for around 30-35 grams of fiber per day.  That's a really solid target. 

Since you enjoy bananas, that’s a fantastic place to start – they’re naturally high in fiber.  You could also focus on getting at least half your grains as whole grains. Since you enjoy chicken, pairing it with whole-wheat options or brown rice would be a good move. 

Don’t forget about other fiber-rich foods you like, too – things like berries, and incorporating non-starchy vegetables like spinach or broccoli (even though you don’t like brussels sprouts – perhaps a very small amount of a different veggie could be incorporated!). 

Now, I want to be honest with you – increasing your fiber intake a *lot* quickly can sometimes lead to a bit of discomfort like gas or bloating, so it’s really important to increase it gradually. We’ll want to do that slowly, perhaps adding a few grams each week, to see how your body responds. 

It's great you’re being proactive about this, Peter. Let’s work together to build a plan that’s delicious and sustainable for you.  Do you want to start by talking about some specific meals you enjoy, and how we could naturally add more fiber into them?",200,42.217
47,answerable,Will cutting sugar alone fix my blood sugar?,"Okay, Peter, let’s talk about this – it’s fantastic that you’re taking such a proactive step to prevent diabetes. It’s really admirable of you to be focusing on this now at 39. 

I want to address your question about cutting sugar alone. It's a common thought, and it’s understandable that you're looking for a straightforward solution. While reducing your overall sugar intake *is* absolutely a vital part of the process, it's not quite as simple as just cutting sugar and seeing immediate results. 

Based on what we know, focusing *solely* on sugar reduction without looking at the bigger picture isn't the most effective approach. The information I’ve reviewed highlights that sugar substitutes, like saccharin, stevia, or monk fruit, can certainly help lower your carbohydrate intake and calorie consumption. This *can* positively impact your blood sugar, weight, and overall cardiometabolic health. However, and this is a really important point – as the American Heart Association and ADA have pointed out, simply swapping sugar for a sugar substitute doesn’t automatically make a less healthy choice healthy. It’s about the *entire* picture. 

Think of it this way: if you’re still eating a diet heavily reliant on processed foods, even if you’re swapping sugar for a substitute, you’re still likely consuming excess calories, unhealthy fats, and possibly a lot of refined carbohydrates. These things can still significantly impact your blood sugar levels. 

**Here's what we should focus on, considering your preferences:**

*   **Overall Diet Quality:** Since you enjoy bananas and chicken, which are good choices, we can build a balanced eating plan around those. Prioritizing whole foods – lean protein, fruits (like bananas), and plenty of vegetables – is key.
*   **Portion Control:** Even healthy foods can impact blood sugar if eaten in excessive amounts.
*   **Fiber:**  Fiber slows down the absorption of sugar, helping to manage blood glucose levels. 

**Let’s also address your likes and dislikes:**

*   **Bananas:** Great choice! They offer potassium and fiber.
*   **Chicken:** Excellent source of protein. 
*   **Brussels sprouts:** I understand you dislike them, and that's perfectly okay! Let’s not force you to eat something you genuinely don’t enjoy - it won’t help you in the long run. 

**Moving forward, I'd like to help you create a personalized plan.** We can discuss your current eating habits in more detail, look at realistic goals, and explore strategies that fit your preferences while effectively managing your blood sugar. Would you be open to scheduling a follow-up conversation to delve deeper into this? 

**Important Disclaimer:** *I am an AI assistant and not a registered dietitian or medical professional. This information is for general knowledge and informational purposes only, and does not constitute medical advice. It is essential to consult with a qualified healthcare professional for any health concerns or before making any decisions related to your health or treatment.*",200,57.514
48,answerable,Do I need to monitor glucose more if I drink alcohol?,"Okay, Peter, let's talk about this – it’s really smart of you to be thinking about how alcohol might affect your health, especially given your goal of preventing diabetes. It’s fantastic that you’re being proactive!

You’ve raised a really important point about monitoring your glucose levels after drinking, and you're absolutely right to consider it. Let’s break down how alcohol can impact things, and why it's particularly important for you.

**The Impact of Alcohol on Diabetes & Glucose**

What research shows is that alcohol *can* definitely throw things off when you have diabetes. Here's the key:

*   **Lowered Blood Sugar (Hypoglycemia):** Alcohol can interfere with your body’s ability to release insulin. Insulin is what helps your body use glucose for energy. When your body isn’t releasing enough, your blood sugar can drop, a condition called hypoglycemia. This is especially true if you haven’t eaten recently.  Because you enjoy bananas, which contain carbohydrates, your body is more likely to respond to alcohol than someone who doesn’t.
*   **Delayed Insulin Response:** Even if you *do* release insulin, alcohol can slow down its response. This means it takes longer for your body to get the glucose out of your bloodstream. 
*   **Dehydration:** Alcohol is a diuretic, meaning it makes you pee more. This can lead to dehydration, which in turn can concentrate your blood sugar and make it harder to manage.

**What the Research Says (And Why It Matters to You)**

Interestingly, some studies *do* show that moderate alcohol consumption can actually be beneficial for people with diabetes. It's not a free pass, but one drink (12 oz beer, 5 oz wine, or 1.5 oz spirits) can, in some cases, slightly improve insulin sensitivity and even reduce blood sugar levels. However, this is about *moderate* intake – and that's where you need to be extra mindful, given your goal.

**What You Should Do**

1.  **Monitor Your Glucose:** Because of your risk of diabetes, I strongly recommend checking your blood sugar *before* you drink, and then again 1-2 hours after. This will give you a much clearer picture of how alcohol is affecting you.
2.  **Eat Before and While Drinking:**  Never drink on an empty stomach.  A balanced snack with complex carbohydrates (like a banana!) can help buffer the effects of alcohol.
3.  **Start Slow:**  Begin with a small amount of alcohol and see how you feel.

**Important Note:**  I want to emphasize that this information is for guidance only and shouldn't replace advice from your doctor or a certified diabetes educator.  They can help you create a personalized plan that takes into account your specific health needs and medications.

Do you want to talk more about how you might approach monitoring your glucose levels, or perhaps discuss some food choices that could help mitigate the effects of alcohol?",200,56.714
49,answerable,What's better for diabetes: low-carb or Mediterranean?,"Okay, Peter, let’s talk about this – it's fantastic that you’re taking such a proactive step to prevent diabetes at 39, and I really appreciate you sharing your information with me. It’s a smart move, and I’m here to help you figure out the best approach for *you*.

Based on the research we've looked at, it's true that there isn’t a single, definitive “best” eating pattern for everyone with diabetes prevention. The science is still evolving, and it’s great that we’re looking at different options. 

Let's break down what we know about the Mediterranean and low-carb approaches, particularly considering your profile.

**The Mediterranean-Style Eating Pattern:** This one is really interesting. Studies, like the DIRECT trial you mentioned, have shown it can be beneficial – it’s been linked to improvements in A1C, weight, and even cholesterol levels. The key is that it isn’t heavily focused on strict calorie restriction, which is important. It’s built around whole foods – lots of fruits, vegetables, lean protein (like chicken, which you enjoy!), and healthy fats. 

**The Low-Carb Approach (28% Carbs):** Now, the low-carb eating pattern, where you’re getting 28% of your calories from carbohydrates, *has* shown promising results. The DIRECT trial found that it led to the lowest A1C levels after two years. However, it’s important to note that this approach doesn’t necessarily emphasize calorie restriction, which can be tricky. 

**Considering You, Peter:** 

Given your preferences – you like bananas and chicken, and you enjoy a balanced diet – incorporating elements of both patterns might be a really good strategy for you.  Let’s think about this: 

*   **Prioritize Whole Foods:** Like the Mediterranean approach, we want to focus on real, unprocessed foods like chicken, plenty of vegetables (except those brussels sprouts – let’s agree to avoid those!), and incorporating fruits like bananas in moderation. 
*   **Control Carbohydrates:** Since you're aiming to *prevent* diabetes, we want to be mindful of your carbohydrate intake, particularly around sugary drinks (which are a definite no-no!). 
*   **Listen to Your Body:**  We can experiment with the amount of carbs you consume and see how it impacts your blood sugar levels. 

**Important Note:**  *I want to emphasize that I'm not a replacement for regular monitoring with your doctor or a certified diabetes educator.*  We need to work together to track your A1C, fasting glucose, and overall well-being. 

**What's next?**  I'd like to start with a few questions to help us tailor a plan that feels comfortable and sustainable for you. Would you be open to discussing how to gradually reduce your intake of sugary drinks and perhaps experimenting with some meal ideas that incorporate the principles we've talked about? 

How does all of this sound to you, Peter? Do you have any initial thoughts or questions?",200,58.668
50,answerable,Does meal timing affect blood sugar?,"Okay, Peter, let’s talk about this – it’s fantastic that you’re being so proactive about preventing diabetes at 39, and it’s really smart to be focusing on how meal timing might play a role. Let’s break down what the research suggests, and I’ll tailor it to you, considering your preferences and goals.

The evidence we’re looking at is quite promising. These studies, particularly the ones focusing on very low-carbohydrate eating patterns (VLC), suggest a really significant impact on blood sugar control. 

**What the Research Says, Simply:**

*   **Reduced Blood Sugar Swings:** The studies you referenced show that VLC eating patterns – aiming for significantly less carbohydrate – lead to *less* fluctuation in your blood sugar levels. This is really important because consistently high blood sugar can be a major factor in developing diabetes. You’re seeing less time spent in the “hypo” (low blood sugar) state and more time in “eu” (normal) – which is far more stable and healthier.
*   **Less Insulin Needed:**  This is a key one. When your blood sugar is more stable, your body doesn't need to work as hard to produce insulin.  The trial with 10 participants shows this quite clearly.
*   **Long-Term Benefits:** The 48-person trial, following a VLC pattern of 75g or less, demonstrates benefits that persist over 4 years, including lower A1C levels and improved HDL (""good"") cholesterol – all fantastic outcomes.

**How This Relates to You, Peter:**

Given your profile – moderately active, balanced diet with some processed snacks and sugary drinks, and a preference for bananas and chicken – it’s clear that focusing on meal timing and reducing your carbohydrate intake, particularly around sugary drinks, would be a really good strategy for you. 

**Important Considerations for You:**

*   **Banana Preference:** You enjoy bananas, which are higher in carbohydrates. We can absolutely include them, but we'll need to be mindful of portion sizes and pairing them with protein and healthy fats to help manage the impact on your blood sugar.
*   **Chicken & Balanced Meals:** Your enjoyment of chicken is great – lean protein is fantastic for stabilizing blood sugar. We’ll build meals around it, incorporating plenty of vegetables (excluding those brussels sprouts, of course!).
*   **Processed Snacks:** This is a crucial area. Many processed snacks are high in added sugars and refined carbohydrates, which can cause significant blood sugar spikes. We can work on swapping those out with healthier options like Greek yogurt with berries, or a small handful of nuts (avoiding any nut allergies, of course!).

**Next Steps:**

I'd like to help you create a personalized plan. We can start by:

1.  **Tracking Your Current Intake:** Let's get a clear picture of what you’re typically eating over a few days.
2.  **Gradual Changes:** We don’t need to overhaul everything overnight. We’ll make small, sustainable changes.
3.  **Focusing on Timing:** We’ll pay attention to when you’re eating, especially around sugary drinks and larger carbohydrate-rich meals.

**Disclaimer:** *I am an AI assistant and not a medical professional. This information is for general knowledge and informational purposes only, and does not constitute medical advice. It is essential to consult with a qualified healthcare provider for any health concerns or before making any decisions related to your health or treatment.*

Do you feel like this makes sense, Peter? Where would you like to start? Would you like to talk more about tracking your current eating habits?",200,71.227
