id,answerable,query,response,status_code,time_taken_sec
1,answerable,What's the best diet to lower my A1C?,"Okay, Peter, let’s talk about this – and let’s do it gently, because taking proactive steps to prevent diabetes is fantastic, and I’m here to help you feel confident and empowered.  It’s wonderful that you’re recognizing this now at 39, and your current weight is already a good starting point. 

Based on what you've shared – your age, activity level, preferences, and allergies – we can absolutely build a plan to significantly lower your A1C and reduce your risk of developing type 2 diabetes. The research consistently points to a Mediterranean-style eating pattern as being incredibly effective, and I think it’s a really good fit for you. 

**Here’s what we’re aiming for, keeping your likes and dislikes in mind:**

**The Foundation: The Mediterranean Approach**

This isn’t a restrictive diet; it’s a lifestyle shift focused on nourishing your body with whole, real foods. It’s based on the eating habits of people who traditionally live in areas like the Mediterranean, and it’s shown again and again to be effective in preventing and managing diabetes. 

**Key Elements for You:**

*   **Lots of Vegetables & Fruits:** You mentioned you enjoy bananas – fantastic!  They're a great source of potassium, which is important for blood sugar control. We’ll focus on a rainbow of veggies – leafy greens, colorful peppers, and whatever you enjoy.
*   **Lean Protein – Chicken First:** Chicken is a great choice – you like it, it's lean, and it’s a good source of protein.  We'll focus on baking, grilling, or roasting it to avoid added fats. 
*   **Whole Grains in Moderation:**  We’ll incorporate whole intact grains like brown rice, quinoa, or whole-wheat bread, but paying attention to portion sizes.
*   **Healthy Fats – Olive Oil:**  Olive oil is a cornerstone of this approach. It’s incredibly healthy and beneficial for your heart.
*   **Dairy – Yogurt & Cheese in Small Amounts:** You can enjoy a small amount of yogurt or cheese as a treat, focusing on plain, unsweetened varieties.

**What to Minimize (Considering Your Preferences & Allergies):**

*   **Processed Snacks & Sugary Drinks:** We need to significantly reduce these. They’re a major contributor to blood sugar spikes. Let’s explore healthier snack options like Greek yogurt with berries, or a small apple with a tablespoon of nut butter (though, due to your nut allergy, we'll need to explore other healthy fats like seeds).
*   **Brussels Sprouts:** I know you dislike them! Don’t force yourself to eat something you truly don't enjoy – it will just create unnecessary stress. 

**Important Numbers to Keep in Mind (Based on the Research):**

*   **Total Fat Intake:  Around 30% of your calories.**
*   **Saturated Fat Intake:  Around 10% of your calories.**

**Next Steps:**

I would really like to delve into this further. To help me tailor a plan specifically for *you*, could you tell me a little more about:

*   **Typical Daily Eating Habits:**  Can you describe a typical day of eating for you, including what you eat for breakfast, lunch, dinner, and snacks?
*   **Level of Activity:** While you say you are moderately active, can you give me a more specific sense of your exercise routine – how many times a week, and for how long do you usually exercise? 

**Disclaimer:** *I am an AI assistant and cannot provide medical advice. This information is for general knowledge and informational purposes only, and does not constitute medical advice. It is essential to consult with your doctor or a registered dietitian for personalized advice tailored to your specific health condition and needs.*

Do you have any initial questions or thoughts about what I've shared, Peter? Let’s take this one step at a time.",200,78.805
2,answerable,Can losing weight help reverse my type 2 diabetes?,"Okay, Peter, let’s talk about this – it's fantastic that you're taking such a proactive step by focusing on preventing type 2 diabetes. It shows you really care about your health, and that's a huge first step. Based on what we’ve discussed, and the research I've looked at, there's really good evidence to show that losing a significant amount of weight *can* absolutely play a crucial role in reversing your risk.

Now, the research suggests that aiming for a weight loss of 15% – if you can achieve it safely and sustainably – will give you the *best* possible results in managing your type 2 diabetes risk. It’s not about a small amount of weight loss; the more you can reduce your weight, the better your body will respond. 

Remember, the UK Prospective Diabetes Study (UKPDS) actually found a strong connection: the more weight you lost, the lower your fasting blood sugar levels became. That’s a really powerful indicator of how well your body is responding.

Let’s look at what this means for you, specifically, considering your likes and dislikes. You enjoy bananas, chicken, and you’re willing to work towards a healthier lifestyle. That's excellent! We can focus on incorporating more whole, unprocessed foods like lean protein (like chicken), incorporating some of your favorite fruits like bananas, and building a balanced eating plan around those choices. 

We'll also want to be mindful of those processed snacks and sugary drinks – these can easily add up and make it harder to reach your weight loss goals. 

**Important Note:** *I want to emphasize that I'm not a doctor and can't provide medical advice. It's absolutely essential that you discuss any significant dietary changes with your doctor or a registered dietitian.* They can help you create a plan that’s perfectly tailored to your individual needs and monitor your progress safely.

Would you like to talk more about specific strategies we could explore, like maybe creating a sample meal plan or discussing ways to incorporate more activity into your day?  It's a journey, Peter, and I’m here to support you every step of the way.  Let’s take this one step at a time.",200,56.927
3,answerable,Is it okay to drink alcohol if I have diabetes?,"Okay, Peter, let’s talk about this – it’s fantastic that you’re being so proactive about your health and wanting to understand the impact of alcohol, especially considering your goal of preventing diabetes. It’s really smart of you to consider this now.

The good news is that, in *moderate* circumstances, alcohol can actually have some surprisingly positive effects for people with diabetes. Research has shown that having just one standard drink – like 12 ounces of beer, 5 ounces of wine, or 1.5 ounces of spirits – might actually lead to improved insulin sensitivity and even help stabilize your blood glucose levels in some individuals. That’s a welcome finding!

However, and this is *really* important, we need to be incredibly careful. Alcohol can significantly impact your diabetes management, and we need to understand the potential downsides. 

**Here's what we need to be mindful of:**

* **Hypoglycemia Risk:** This is the biggest concern. Alcohol can interfere with your body’s ability to release glucose when your blood sugar drops, which can lead to hypoglycemia (low blood sugar). Since you're already aiming to prevent diabetes, avoiding these sudden drops is absolutely crucial. That's why meticulous glucose monitoring after drinking is *essential*. It’s the best way to see exactly how alcohol is affecting you. 

* **Variable Effects:** It's important to note that everyone reacts differently. The impact of alcohol can vary depending on factors like your individual metabolism, the amount you drink, what you eat with it, and the type of alcohol.

* **Combining with Food:** Since you enjoy bananas and chicken, focusing on pairing your alcohol with a substantial meal will help mitigate some of the effects.

**My Recommendation, Based on Your Profile:**

Given your goal of preventing diabetes and your current situation, I would strongly advise against regular or excessive alcohol consumption.  If you do choose to have a drink, it *must* be done cautiously, with careful monitoring of your blood glucose levels, and always in conjunction with a meal. 

**Moving Forward:**

I want to emphasize that I'm here to support you. Let's talk about some strategies that could help you if you choose to have a drink. Would you like to discuss:

*   **Blood Glucose Monitoring:** Setting up a routine for checking your blood sugar before, during, and after drinking.
*   **Food Pairing:**  Creating meals that will help slow down the absorption of alcohol.
*   **Moderation:**  Strictly limiting yourself to one standard drink, and only on occasion. 

Remember, Peter, your health is my priority. Let's work together to make informed decisions that support your long-term well-being. Don't hesitate to ask me any questions you have – no question is too small. 

**Disclaimer:** *I am an AI assistant and not a medical professional. This information is for general knowledge and informational purposes only, and does not constitute medical advice. It is essential to consult with your doctor or a qualified healthcare provider for any health concerns or before making any decisions related to your health or treatment.*",200,58.978
4,answerable,Will intermittent fasting help my blood sugar?,"Okay, Peter, let’s talk about intermittent fasting and how it might relate to your goal of preventing diabetes. It’s wonderful that you’re taking this proactive step – it shows you're serious about your health, and that’s fantastic.

Based on what we know from the research, intermittent fasting can be a potentially helpful tool, but it's not a guaranteed solution. The studies you’ve read about have shown some promising signs, particularly around weight loss.  Specifically, restricting your eating window to 16 hours or more per day seems to be a common approach that’s shown some positive results in people with type 2 diabetes. 

However, and this is a really important point, the research *so far* hasn’t consistently shown a significant drop in A1C (which is a key measure of blood sugar control) when intermittent fasting is used alone.  That means that while you might lose weight – and weight loss *is* very beneficial in managing blood sugar – the fasting itself doesn't appear to directly lower your blood sugar levels as much as we’d ideally like to see. 

**Here’s what’s important for you, given your situation:**

*   **Weight Loss Matters:** Because of the studies, weight loss is likely going to be the biggest benefit you'll see from intermittent fasting, and that will help your blood sugar.
*   **Focus on a Balanced Diet:**  Since you enjoy things like bananas and chicken – which are healthy choices – incorporating those into a balanced eating plan will be crucial.  Let’s work together to ensure you're getting plenty of fiber, lean protein, and healthy fats to support your blood sugar control. 
*   **Consider it as Part of a Broader Approach:** Intermittent fasting might be a useful *addition* to a solid dietary foundation, but it’s unlikely to be a magic bullet on its own. 

**Important Note:** Because you have a history of processed snacks and sugary drinks, it's really important to focus on reducing those significantly. 

**Next Steps:**

I’d like to talk more about how you can approach this safely and effectively. Would you be open to exploring a more detailed plan that considers your preferences (like those bananas!) while prioritizing blood sugar control? We could discuss strategies for reducing your intake of processed snacks and sugary drinks, and building a sustainable eating pattern. 

Would you like to schedule a follow-up appointment to discuss this further?",200,50.056
5,answerable,How many carbs should I eat with type 2 diabetes?,"Okay, Peter, let’s talk about carbohydrates and how they fit into managing your health, especially with your goal of preventing type 2 diabetes. You’re already taking a fantastic step by being proactive – that’s wonderful!

It’s absolutely true that carbohydrate needs are different for people with diabetes compared to the general population, and that's something we really need to focus on. As the information you provided highlights, carbohydrates are a key player in how our blood sugar responds after we eat. Think of it this way: carbs are easily converted to glucose, which directly affects your blood sugar levels.

**Here’s a breakdown of what we need to consider, specifically tailored to you:**

1.  **Individualized Needs:** There isn't a one-size-fits-all answer. Your activity level (moderately active) does play a role – you’ll likely need a slightly higher carbohydrate intake than someone who’s completely sedentary.

2. **Focus on Quality:** You’re already aware that you enjoy bananas, which is great! Bananas are a good source of fiber and nutrients. We absolutely want to prioritize foods that are high in fiber – fiber slows down the absorption of sugar, leading to a more stable blood sugar response. Think about incorporating things like:
    *   **Non-Starchy Vegetables:** These are fantastic – leafy greens, bell peppers, zucchini, etc.
    *   **Whole Grains (in moderation):** While you have a wheat allergy, there are other grains like quinoa and brown rice that are great options if you can tolerate them.
    *   **Legumes:** Beans and lentils are excellent sources of fiber and protein.

3. **Managing Portion Sizes:** This is really important. You’ll need to be mindful of *how much* carbohydrate you consume at each meal. We’ll work together to find a balance that keeps your blood sugar steady.

4. **Limiting Processed Foods & Sugary Drinks:** You mentioned some processed snacks and sugary drinks – these are definitely areas we want to reduce, as they tend to cause rapid spikes in blood sugar.

**A Starting Point (This is just a guideline – we'll adjust it together):**

Considering your age, height, weight, and activity level, a reasonable starting point for carbohydrate intake might be around 130-180 grams per day. However, we will monitor your blood glucose levels closely and adjust this amount based on how your body responds.

**Next Steps:**

I'd like to schedule a follow-up appointment to:

*   Discuss your eating habits in more detail – let’s talk about your typical meals and snacks.
*   Review your blood glucose monitoring (if you're doing that) and we can see how your body responds to different foods.
*   Create a personalized meal plan that fits your preferences (like enjoying bananas!) while keeping your blood sugar in a healthy range.

**Important Note:** *I want to emphasize that I am an AI assistant, and this information is for general guidance only. It is crucial that you work closely with a qualified healthcare professional (like a registered dietitian or your doctor) to develop a truly individualized plan that’s right for you.*

Do you have any initial thoughts or questions about this, Peter? Would you like to schedule a follow-up appointment?",200,62.714
6,answerable,Are low-carb diets safe for diabetics?,"Okay, Peter, let's talk about carbohydrates and diabetes – it’s fantastic that you're taking this preventative step, and I want to be a supportive guide for you. You’re right to ask about how carbohydrate needs differ for people with diabetes compared to the general population. It's a really important distinction.

The information you’ve shared – that you’re 39, moderately active, and enjoy things like bananas and chicken – gives us a really good starting point. And recognizing that you sometimes reach for processed snacks and sugary drinks is helpful because it highlights an area we can focus on.

Let’s break down why carbohydrate needs are different for someone with diabetes. As you noted, carbohydrates are our body’s primary energy source, and they absolutely do have a significant impact on blood glucose levels. However, *how* our bodies process those carbohydrates is crucial, especially when you have diabetes.

Here’s the key: In people with diabetes, the body doesn’t always manage glucose as efficiently as it should. This can be due to insulin resistance (where the body’s cells don’t respond properly to insulin) or problems with insulin production.  Because of this, carefully managing carbohydrate intake is absolutely essential for keeping blood glucose levels stable. 

**So, what does that mean in practice?**

*   **Focus on Quality:** We absolutely want to prioritize carbohydrate foods that are rich in fiber – things like whole fruits (like your favorite bananas!), vegetables, and whole grains. Fiber helps slow down the absorption of sugar, preventing those rapid spikes and crashes in blood glucose. 
*   **Portion Control is Key:** Even with good-quality carbs, portion sizes matter. 
*   **Individualized Approach:**  Everyone responds differently. We'll need to monitor your blood glucose levels regularly to see how different carbohydrate choices and amounts affect you. 

**Important Note:** *I am an AI and cannot provide medical advice. This information is for educational purposes only.*

**Moving Forward:**

I would strongly recommend discussing this further with your doctor or a registered dietitian who specializes in diabetes. They can help you develop a personalized eating plan that takes into account your specific needs, preferences (like your love of bananas!), and any medications you might be taking. 

Do you want to talk a little more about what a typical day of meals might look like, focusing on those high-fiber choices, or perhaps explore some specific strategies for managing those occasional processed snacks?",200,49.387
7,answerable,Can a vegan diet help prevent diabetes?,"Okay, Peter, let's talk about this – and let’s tackle your goal of preventing diabetes with a really thoughtful approach. It’s wonderful that you’re taking this seriously at 39, and honestly, it's a fantastic proactive step. Based on what you've shared, and looking at the research we’ve discussed, there’s a *very* strong case to be made for incorporating more plant-based eating into your life.

Now, I know you enjoy chicken and bananas – and that’s absolutely fine! We can definitely work those in thoughtfully. But let’s be clear: the research consistently shows that diets rich in plant-based foods are incredibly beneficial for preventing type 2 diabetes.

**Here’s what the evidence suggests, and what we can focus on, keeping your preferences in mind:**

*   **The Power of Plants:** The Mediterranean-style diet you've referenced, and similar research, highlights the amazing benefits of a diet centered around vegetables, fruits, beans, and whole grains. These foods are packed with fiber, which is absolutely key. Fiber slows down the absorption of sugar into your bloodstream, helping to keep your blood glucose levels more stable. 
*   **Your Likes & Dislikes:** Because you enjoy bananas, we can certainly build around that – they're a good source of potassium, which is beneficial for overall health. As for your dislike of Brussels sprouts – let’s not force anything!  Focusing on incorporating more things you *do* enjoy will make this a sustainable change.
*   **Reducing Processed Foods & Sugar:** You mentioned you occasionally have processed snacks and sugary drinks – and let's be honest, these are significant contributors to insulin resistance, which is a key factor in developing type 2 diabetes.  Gradually reducing these is a smart move. 
*   **Fiber is Your Friend:** We're aiming for a diet with a *lot* of fiber – think lentils, beans (you can easily incorporate these into meals!), whole grains like brown rice or quinoa, and plenty of colorful vegetables.

**A Realistic Approach for You:**

Given your activity level and preferences, we could build a plan that looks something like this (remember, this is a starting point – we’ll adjust based on how you feel and what works best):

*   **Breakfast:** Oatmeal with sliced banana and berries.
*   **Lunch:** A large salad with mixed greens, grilled chicken (occasionally, as you like), and a variety of vegetables.
*   **Dinner:** Lentil stew with brown rice, or a baked chicken breast with roasted vegetables.
*   **Snacks:**  Fruits, a small handful of nuts (avoiding your allergy), or a plain yogurt (if you enjoy dairy – it's an option).

**Important Note:**  We’ll want to monitor your blood glucose levels regularly, especially when you first start making these changes. This will give us feedback on what's working and what needs adjusting. 

**I want to emphasize, Peter, that this isn't about restriction; it’s about making smart, nourishing choices that support your long-term health. Let's take this one step at a time, and focus on building healthy habits you can sustain.**

Would you like to talk a bit more about specific meal ideas, or perhaps discuss how to gradually reduce your intake of processed snacks? How does this sound as a starting point for you?",200,69.165
8,answerable,Is the Mediterranean diet good for diabetics?,"Okay, Peter, let’s talk about this – and let’s do it gently. It’s fantastic that you're taking this step now, focusing on preventing diabetes. At 39, with your height and weight, you’re in a really good position to make some positive changes, and honestly, it’s incredibly proactive of you to be thinking about this. 

Based on what you’ve shared, and what we know about diabetes management, the Mediterranean diet is an *excellent* choice for you. Let’s break down why, and how we can make it work for you, considering your likes and dislikes.

**Why the Mediterranean Diet is a Great Fit for You**

The Mediterranean diet isn’t about strict rules; it’s about focusing on foods that have been shown time and again to be beneficial for people with, or at risk of, diabetes. It's incredibly adaptable, which is brilliant – especially since you enjoy things like bananas and chicken! 

Here’s what's key:

*   **Focus on Whole Foods:** This diet is built around abundant fruits, vegetables, whole grains (we’ll need to find some good alternatives to wheat, of course), and lean protein like chicken. This naturally helps manage blood sugar because you’re getting fiber, vitamins, and minerals alongside the carbohydrates.
*   **Healthy Fats:** Olive oil is a cornerstone, providing heart-healthy monounsaturated fats.
*   **Reduced Sugar & Processed Foods:**  Absolutely crucial for diabetes prevention. We’ll really work on cutting back on sugary drinks – that's a big one given your current habit.

**Addressing Your Preferences & Allergies:**

*   **Bananas:** Wonderful! You can definitely include bananas as a healthy source of carbohydrates and potassium, just mindful of portion sizes. 
*   **Chicken:** Fantastic – lean chicken is a great protein source. 
*   **Wheat Allergy:** This is really important. We’ll need to focus on alternatives like brown rice, quinoa, or oats (carefully chosen to ensure they are certified gluten-free). 
*   **Nuts:** Absolutely – we'll avoid those entirely. 

**What We'll Do Together**

I’d like to work with you on making small, sustainable changes.  We can start by:

1.  **Gradual Reduction of Sugary Drinks:**  Instead of cold turkey, let's aim for cutting back by a little bit each week.
2.  **Increasing Vegetable Intake:**  Since you enjoy bananas, let’s explore other delicious vegetables you can incorporate.
3.  **Smart Carbohydrate Choices:** We’ll focus on whole grains and fruits to help regulate your blood sugar levels.

**Important Note:**  *I want to emphasize that I’m an AI and cannot provide medical advice. It's absolutely essential that you discuss these changes with your doctor or a registered dietitian before making any significant changes to your diet.* They can monitor your blood sugar levels and provide personalized guidance. 

**Resources:** 

*   The American Diabetes Association: [https://www.diabetes.org/](https://www.diabetes.org/) 
*   The Academy of Nutrition and Dietetics: [https://www.eatright.org/](https://www.eatright.org/) 

**How are you feeling about all this, Peter? Is there anything in particular you're most worried about or excited to try?**",200,63.777
9,answerable,Does eating more fiber help with diabetes?,"Okay, Peter, let’s talk about this – it’s fantastic that you're being proactive about preventing diabetes at 39. It shows you're really taking care of yourself, and I want to be a supportive resource for you.

Based on what we’ve discussed and the latest research, incorporating more fiber into your diet is absolutely a smart move. It’s not a magic bullet, but it can definitely play a significant role in helping you manage your blood sugar and reduce your risk. 

Here's the key takeaway from the research:  Dietary fiber is linked to lower all-cause mortality in people with diabetes, and even modest increases can have a positive effect. 

**What the research suggests for you:**

*   **Aim for at least 14g of fiber per 1,000 kcal.** This is the recommended amount from the Dietary Guidelines for Americans, and it’s a really good starting point. Given your activity level (moderately active), you likely need a reasonable amount of calories, so this is a realistic target.
*   **Prioritize whole grains.** At least half of the grains you eat should be whole intact grains – think brown rice, quinoa, oats, whole-wheat bread.
*   **Load up on non-starchy veggies:** You enjoy bananas, which are a great source of fiber, and you like chicken – that’s a fantastic base.  Increasing your intake of vegetables like broccoli (yes, even though you don’t love Brussels sprouts!), spinach, carrots, or bell peppers is a really easy way to boost your fiber.
*   **Fruits and berries:**  Bananas are a good choice, and berries are also excellent sources of fiber and antioxidants.
*   **Legumes:** Beans, peas, and lentils are also great choices.

**Important Note:** Some people experience gas, bloating, or diarrhea when they suddenly increase their fiber intake. It’s important to ramp up your fiber gradually – maybe start with an extra serving of oatmeal or a side of steamed vegetables alongside your meals. Listen to your body and adjust accordingly.

**To help me give you even more personalized advice, could you tell me a little more about your current eating habits?** For instance, about how much fruit and vegetables do you typically eat in a day? Also, you mentioned you enjoy sugary drinks - it's important to reduce your intake of these to better manage your diabetes risk.",200,48.846
10,answerable,Are sugar substitutes like stevia safe for diabetes?,"Okay, Peter, let’s talk about sugar substitutes and how they can fit into your goal of preventing diabetes. It’s fantastic that you're being so proactive – recognizing the importance of this now is a really positive step. 

Based on what the FDA has reviewed, and considering your profile – being 39, moderately active, and enjoying things like bananas and chicken – sugar substitutes *can* be a helpful tool, but it’s really about using them thoughtfully. 

**What are sugar substitutes?**

The FDA has approved a range of sweeteners for public use, including things like stevia, monk fruit (luo han guo), and the ones you’ve probably heard of – saccharin, aspartame, sucralose, and more. These are all categorized as “non-nutritive sweeteners” meaning they generally have very few calories. 

**How they can help you:**

*   **Blood Sugar Control:** Because they don’t significantly raise blood sugar levels, they can be a welcome alternative to sugar, particularly when you're enjoying those delicious bananas or, let’s be honest, maybe a treat here and there.
*   **Calorie Management:** Reducing your calorie intake is a key part of preventing diabetes, and non-nutritive sweeteners can help you do that.

**Important Considerations for You, Specifically:**

*   **Stevia and Monk Fruit (Luo Han Guo):** These are often good choices for you. They're naturally derived and generally well-tolerated. 
*   **Variety is Key:** It's fine to experiment with different sweeteners (within reason!), but try to stick to a few you know you like.
*   **Listen to Your Body:** Everyone reacts differently. Pay attention to how you feel after consuming any sweetener, and track how it affects your blood sugar if you’re monitoring it. 

**A Gentle Reminder:**

It’s really important to remember that sugar substitutes aren’t a magic bullet.  You've already identified some areas where your diet could be improved – the occasional processed snack. Let’s focus on building a balanced eating pattern filled with whole foods like lean proteins (chicken!), plenty of fruits (bananas!), and lots of vegetables – even if you don’t love Brussels sprouts!

**Would you like to talk more about:**

*   Specific sweeteners and their potential effects?
*   How to incorporate sugar substitutes into your meals and snacks?
*   Creating a meal plan that aligns with your preferences and your diabetes prevention goals?",200,47.604
11,answerable,Should I stop eating fat to prevent diabetes?,"Okay, Peter, let’s talk about this – it’s fantastic that you're being so proactive about preventing diabetes at 39. It's really smart of you to think about your diet, and I want to reassure you that we can absolutely work together to find a path that feels good and supports your health. 

Now, regarding your question about fat – it's a really common concern, and I understand why you’re wondering if cutting it out is the answer. The truth is, it's a more nuanced picture than simply ""stop eating fat.""  The consensus is that *certain types* of fat are definitely something to be mindful of, but *healthy* fats are absolutely crucial for your overall well-being and for managing your risk of diabetes.

Let’s break down what the experts recommend, based on what we’ve discussed and the information in that report:

**The Focus is on *Types* of Fat**

*   **Limit Unhealthy Fats:** We absolutely need to reduce your intake of saturated fats (often found in red meat and full-fat dairy) and *especially* trans fats (found in processed foods and some baked goods). These fats can negatively impact insulin sensitivity and contribute to inflammation, both of which are key factors in diabetes development.
*   **Embrace Healthy Fats:** This is where it gets exciting! You want to prioritize monounsaturated fats (like those in olive oil and avocados - you enjoy bananas, so you’ll enjoy these!), and polyunsaturated fats (like those found in fatty fish like salmon, nuts – *although we need to avoid them due to your allergy*, and seeds). These fats are fantastic for your heart health and can actually improve insulin sensitivity.

**Your Current Diet & Your Preferences**

Considering your balanced diet, your love of bananas and chicken, and your preference for healthier options, we can definitely make adjustments that feel good for you.  The fact that you enjoy bananas is great – they're a good source of potassium and fiber, which is beneficial. Chicken is a lean protein source, which is fantastic.

**Moving Forward – A Gentle Approach**

Instead of thinking “I have to cut out all fat,” let’s focus on making smart choices. Here’s what I’d suggest:

1.  **Read Labels Carefully:** Become a label detective! Look for hidden sources of saturated and trans fats.
2.  **Prioritize Lean Protein:** Continue enjoying chicken – it's a great choice.
3.  **Healthy Fats are Key:** Incorporate olive oil for cooking and salads, and explore other healthy fats like avocados (delicious with bananas!).
4.  **Gradual Changes:** We don't need to overhaul everything overnight. Small, sustainable changes are far more effective than drastic restrictions.

**Important Note:** Because you have a wheat allergy, it's vital that we are very careful about hidden wheat ingredients.

**Disclaimer:** *I am an AI assistant and not a registered dietitian or medical professional. This information is for general knowledge and informational purposes only, and does not constitute medical advice. It is essential to consult with a qualified healthcare professional for any health concerns or before making any decisions related to your health or treatment.*

**Next Steps:**

I'd love to schedule a follow-up chat to discuss your eating habits in more detail and create a personalized plan that aligns with your preferences and goals. Would you be open to that? 

How are you feeling about all of this so far, Peter?",200,62.408
12,answerable,Is weight loss important if I have prediabetes?,"Okay, Peter, let’s talk about this – and I want to start by saying it’s fantastic that you’re being so proactive about preventing diabetes. It’s really responsible of you to be thinking about this now at 39, and it’s absolutely the right thing to do.

Based on what we know, and particularly the research we’ve discussed, **weight loss is incredibly important in your situation.** The studies, especially the one using phentermine/topiramate, are really clear: losing even 10% of your body weight – which would be around 8kg for you – dramatically reduces your risk of developing type 2 diabetes.  In fact, it cut the risk by a whopping 79% over two years! 

And here’s the key thing – any *additional* weight loss beyond that 10% doesn't provide any more benefit. So, aiming for that 10% is the sweet spot.

Now, considering your preferences – you enjoy bananas and chicken, and you're trying to reduce sugary drinks – we can absolutely work together to create a plan that's both effective and something you can realistically stick with. 

We can focus on building a balanced eating plan that emphasizes whole foods, lean protein like chicken, and incorporates those delicious bananas. We'll also work on gently reducing your intake of sugary drinks – a really smart move for your health. 

Alongside the dietary changes, remember that regular physical activity is absolutely crucial.  Even just 30 minutes of moderate activity most days of the week will make a huge difference. 

I understand that making changes can feel overwhelming, so we'll take it one step at a time.  Let’s focus on small, sustainable changes that you feel good about. 

**Important Note:** It’s great that you're taking this seriously.  This isn’t about a quick fix; it’s about building healthy habits that will protect your long-term health. 

Do you want to start by talking a little bit about which aspects of your current diet you’d like to focus on changing first, given your preferences for bananas and chicken?",200,45.218
13,answerable,Can eating too much protein harm me if I'm diabetic?,"Okay, Peter, let’s talk about protein and your health, particularly as you’re focused on preventing diabetes. It’s fantastic that you’re taking this seriously – that level of proactive thinking is a really important step.

I understand you’re concerned about protein, and it's a really smart question, especially given your goals. Let’s be clear: the advice around protein for people with diabetes, and particularly those with kidney concerns, has evolved quite a bit, and it’s not quite as restrictive as it used to be.

Historically, low-protein diets were often recommended for those with kidney disease (Chronic Kidney Disease or DKD) to help manage something called albuminuria – that's a measure of protein in the urine. These diets could certainly improve albuminuria, but the effect on the actual function of your kidneys (measured by something called estimated glomerular filtration rate or eGFR) wasn't always clear. 

Importantly, the latest research suggests that people with DKD *don't* necessarily need to restrict their protein intake as drastically as previously thought. The average daily protein intake for people with diabetes *without* kidney disease is around 1-1.5 grams per kilogram of body weight per day, or roughly 15-20% of your total daily calories. 

**Now, let's talk about you specifically:**

Based on your stats (180cm, 79kg, moderately active), a rough estimate of your protein needs would be around 85-115 grams per day, depending on the percentage of calories you aim for. 

**However, it’s absolutely crucial that we proceed with caution and work closely together.**  Your moderate activity level means your body is utilizing protein for muscle repair and maintenance. 

**Here’s what’s important to remember:**

*   **Listen to Your Body:** Pay attention to how you feel. High protein intake *can* sometimes cause digestive discomfort for some individuals.
*   **Hydration:**  Increased protein intake often requires more water to help your kidneys process it.
*   **Individual Variation:** Everyone's body responds differently.

**Moving forward, I'd like to help you tailor a plan that’s perfect for you.** I'd like to discuss your dietary preferences, including your love of bananas and chicken, and we can work on gradually incorporating protein into your diet in a way that supports your overall health. We'll also need to monitor your kidney health – regular check-ups are incredibly important.

**Disclaimer:** *I am an AI assistant and cannot provide medical advice. This information is for educational purposes only. Please consult with your doctor or a registered dietitian for personalized advice.*

Do you have any questions about this information, or would you like to delve into some specific aspects of your diet, like how to incorporate lean proteins into your meals?",200,55.513
14,answerable,How does alcohol affect blood sugar at night?,"Okay, Peter, let's talk about this – it’s really important to understand how alcohol can affect your blood sugar, especially at night, given your goal of preventing diabetes.

What you’ve just read is actually quite insightful, and it’s good you’re being so proactive about this. The information highlights a potential risk for you, and it’s wonderful that you’re seeking to understand it. 

Essentially, alcohol can throw a bit of a curveball when it comes to your blood sugar. When you drink, it can actually *reduce* your body’s ability to make more glucose (a process called gluconeogenesis), which is what your body does to maintain blood sugar levels. It can also make you less aware of low blood sugar – that's because alcohol has some effects on your brain. Finally, it can hinder your body's natural response to low blood sugar, making it harder for you to recognize and correct it.  

Because you’re using insulin to manage your blood sugar, this effect is particularly concerning. It means that after a drink, your blood sugar could be delayed in dropping, and you might not feel the symptoms of low blood sugar immediately. 

**Here's what I want you to focus on, considering your preferences and what we’ve discussed:**

*   **Food is Key:** The information you read emphasized that eating food *with* your alcohol will help. Since you enjoy bananas – which are a great source of quick-acting carbohydrates – pairing that with a drink could really make a difference.
*   **Monitor, Monitor, Monitor:** Because of your insulin use, I'd strongly suggest checking your blood sugar more frequently, particularly after having a drink. Maybe before you go to bed, and then again a couple of hours later.
*   **Start Slow:** If you choose to drink, start with a small amount and see how it affects you.

**Important Note:** I’m not a medical professional, and this information shouldn’t replace your doctor's advice.  It’s absolutely crucial to discuss this with your doctor or diabetes educator. They can help you create a personalized plan.

I understand that this can feel a little overwhelming, Peter. But you're taking the right steps by learning about this. You’re already showing a strong commitment to your health, and I'm here to support you in any way I can.  

Would you like to talk a bit more about how you typically drink, or perhaps explore some strategies for managing your blood sugar while still enjoying a treat occasionally?",200,51.251
15,answerable,Will a low-fat diet help control diabetes?,"Okay, Peter, let’s talk about this – it’s fantastic that you’re taking such a proactive step to prevent diabetes. At 39, with your height and current weight of 79kg, you’re already in a good position, but focusing on your diet now is truly smart.  It's wonderful you're thinking ahead. 

Based on what we know, and especially considering your goals and preferences, a lower-fat diet *can* absolutely be a really helpful part of managing your risk for diabetes. The key here is understanding it’s not about a strict, restrictive ""low-fat"" approach, but rather about *choosing* healthier fats. 

Let’s look at what the experts – the nutrition consensus panel – suggest, which is really important. They don’t believe in a single “one-size-fits-all” approach, and that’s brilliant. They highlight that eating patterns like the Mediterranean diet, DASH, or even vegetarian options can be really effective for both weight and diabetes management. 

**Here's the important part, and what we’ll focus on:**

*   **Reducing Added Sugars & Unhealthy Fats:** You're right to be mindful of this.  They absolutely emphasize the need to cut back on added sugars and unhealthy fats – especially trans fats.
*   **Healthy Fat Choices:**  Instead of drastically cutting *all* fat, we'll aim for healthier sources. Think avocados, olive oil, fatty fish like salmon (which you enjoy with chicken, great!), and nuts (although we’ll need to be mindful of your allergy). 
*   **Prioritizing Whole Foods:** Since you enjoy bananas and chicken, we can build meals around these, focusing on whole, unprocessed foods. 

**Considering your likes and dislikes:**

*   **Bananas & Chicken:** These are excellent choices – lean protein from the chicken and the fiber from the bananas will keep you feeling full and satisfied.
*   **Dislike of Brussels Sprouts:** Don’t worry about it!  It’s perfectly fine to avoid foods you don’t enjoy – it’s about creating a sustainable eating plan.

**Next Steps:**

I'd like to help you build a more specific plan.  To do that, could you tell me a little more about:

*   **Typical Daily Eating:** Could you describe what a typical day of eating looks like for you? (e.g., what do you usually have for breakfast, lunch, dinner, and snacks?)
*   **Snacking Habits:** You mentioned some processed snacks – can you give me some examples?
*   **Sugary Drinks:** Do you regularly consume sugary drinks like soda or juice?

Don’t feel overwhelmed – we'll take this one step at a time.  The most important thing is that you’re taking control of your health.  You’ve already made a fantastic decision, and I’m here to support you every step of the way.

**Disclaimer:** *I am an AI assistant and cannot provide medical advice. This information is for general knowledge and informational purposes only, and does not constitute medical advice. It is essential to consult with a qualified healthcare professional for any health concerns or before making any decisions related to your health or treatment.*",200,62.452
16,answerable,Is there a perfect macronutrient ratio for diabetes?,"Okay, Peter, let’s talk about this – and it’s wonderful that you’re taking such a proactive step to prevent diabetes at 39. It's fantastic that you're thinking about this, and I want to reassure you that we can absolutely work together to find a plan that’s right for *you*.

You've asked a really important question about the perfect macronutrient ratio, and I want to be upfront with you: there isn't one single ""perfect"" number that applies to *everyone* with diabetes, or even to everyone who wants to prevent it.  That's what research has shown – it's a highly individualized thing. 

What the research does tell us is that people with diabetes, on average, tend to eat a similar proportion of their calories from macronutrients as the general population. This usually looks like around 45% from carbohydrates, 36-40% from fat, and 16-18% from protein. 

**Now, let’s talk about carbohydrates specifically, because that’s a key area for people with diabetes.**  It’s true that people with diabetes often need to be a little more mindful of their carbohydrate intake, and that's because carbs have the biggest impact on blood sugar levels.  However, it's not about drastically reducing them – it’s about *choosing* the right types of carbs and paying attention to *how much* you’re eating at one time.

Considering your preferences – you enjoy bananas, which are a good source of carbohydrates, and you like chicken – that’s a really good starting point.  We can absolutely work with those foods, focusing on whole, unprocessed versions whenever possible. 

**Here’s what’s important moving forward:**

1.  **Individualized Goals:** We’ll work together to set realistic goals based on your individual needs – things like your blood glucose levels, your lipid profile (cholesterol), and your activity level.
2.  **Carb Choices:**  We'll focus on complex carbohydrates – things like whole grains (if you’re not sensitive to wheat – and we can explore alternatives), beans, lentils, and plenty of fruits like bananas.
3.  **Portion Control:** Because you enjoy a banana, it’s important to be mindful of portion sizes. 
4.  **Listen to Your Body:**  Paying attention to how you feel after eating different foods is crucial.

**I understand you also have a preference for avoiding nuts and wheat, and that is absolutely something we can take into account.** 

**Next Steps:** 

I'd love to schedule a follow-up conversation where we can delve deeper into your lifestyle, your eating habits, and any specific questions you might have.  We can create a more tailored plan that fits *you* and helps you achieve your goal of preventing diabetes. 

**Important Note:** *I am an AI and cannot provide medical advice. This information is for educational purposes only. It’s crucial to consult with a qualified healthcare professional for personalized guidance.*

Do you have any initial thoughts or questions after reading this? Would you like to schedule a follow-up conversation?",200,62.958
17,answerable,Can I manage diabetes without medication if I lose enough weight?,"Okay, Peter, let’s talk about this – it’s fantastic that you’re being so proactive about preventing diabetes at 39, especially given your stats. It's really commendable that you're thinking about this now.

Based on what we know, and looking at the research, the most impactful thing you can do right now is focus on achieving a sustainable weight loss of 7-10%. The study you cited – using phentermine/topiramate – really drives home the point: losing 10% of your weight alone significantly reduces your risk of developing type 2 diabetes by almost 80% over two years. And importantly, further weight loss beyond that 10% doesn't offer *additional* protection.

Now, you enjoy bananas and chicken, which are great choices – lean protein and fiber are your friends! Let’s keep those staples in your diet.

Here’s what we can realistically aim for, and how we can make it work for *you*:

*   **Realistic Goal:** 7-10% weight loss. That's roughly 6.4 - 8.3 kg (14 - 18 lbs).
*   **Focus on Sustainable Changes:** We don't want drastic measures that you'll struggle to maintain. Let's tackle those processed snacks and sugary drinks – those are big contributors to blood sugar spikes and overall weight.
*   **Prioritize Whole Foods:** Let’s build your meals around your favorite foods like chicken and bananas, but focus on preparing them in ways that minimize added sugar and unhealthy fats.
*   **Movement Matters:** Alongside diet, regular physical activity is absolutely crucial.  It's fantastic that you're aiming for a moderately active lifestyle – keep that up! Even incorporating some resistance exercise – like bodyweight workouts – will be incredibly beneficial.

**Important Note:**  While weight loss alone can make a huge difference, it’s not a guaranteed fix. Regular monitoring of your blood sugar levels will be key to understanding how your body is responding. 

I want to be clear, Peter, this isn't about aiming for perfection. It’s about making consistent, manageable changes that will dramatically improve your long-term health.  

Would you like to talk a bit more about specific strategies for reducing your processed snacks, or perhaps explore some simple, effective exercise routines you could incorporate into your day?  



**Disclaimer:** *I am an AI assistant and cannot provide medical advice. This information is for general knowledge and informational purposes only, and does not constitute medical advice. It is essential to consult with a qualified healthcare professional for any health concerns or before making any decisions related to your health or treatment.*",200,53.819
18,answerable,Should I avoid fruit because of the sugar?,"Okay, Peter, let's talk about fruit and sugar – it's a really common concern, and it’s fantastic that you’re being proactive about preventing diabetes at 39! It’s wonderful that you’re focusing on your health, and I want to reassure you that we can definitely approach this in a way that feels good for you and supports your goals.

You've mentioned your love for bananas – those are a *great* choice, and I want to be clear: you absolutely don’t need to avoid fruit altogether. Fruits like bananas are packed with essential vitamins, minerals, fiber, and antioxidants – all things that are incredibly beneficial for your overall health.

Now, you're right to be mindful of the sugar content. Fruits do contain natural sugars – fructose, to be exact – and these sugars *will* raise your blood glucose levels to some extent. However, the key is *balance*, and it’s important to understand *how* fruit fits into your overall eating pattern.

Let’s look at what we’ve discussed before. You enjoy chicken, and that's a lean protein source – excellent!  And you like bananas – which is fantastic, but we need to consider portion sizes. The fiber in bananas, particularly, helps to slow down the absorption of those sugars, preventing a rapid spike in blood glucose.

Regarding the use of sugar substitutes, the information you’ve shared is very important. While things like stevia and monk fruit can be helpful in reducing overall sugar intake, it’s crucial to understand that simply swapping sugar for a sugar substitute doesn’t automatically make a choice ‘healthy’. It’s about the *whole* picture – what else you're eating and your lifestyle. 

**Here’s what I’d recommend:**

1.  **Portion Control:** Be mindful of how much fruit you're having. A medium banana is a great portion.
2.  **Pairing:** Always eat fruit with a source of protein or healthy fat (like a handful of nuts – *except* we know you’re allergic to nuts!). This will help stabilize blood sugar levels.
3.  **Variety:** Don’t just stick to bananas! Incorporate other fruits like berries or apples to get a wider range of nutrients.
4. **Continue with your Balanced Diet:** You're already thinking about your diet, and that's really important.

I want to be clear, Peter, that focusing on a balanced, whole-foods diet is the best strategy for preventing diabetes. Don’t get caught up in the idea of eliminating anything completely. Let's work together to fine-tune your eating habits, and I’m here to support you every step of the way. 

To help me give you even more personalized advice, could you tell me a little bit about a typical day's eating for you?  For example, what do you usually have for breakfast, lunch, and dinner?",200,57.298
19,answerable,Does eating more whole grains help with blood sugar?,"Okay, Peter, let's talk about carbohydrates and your goal of preventing diabetes – it’s fantastic that you’re taking this seriously, and I want to reassure you that we can absolutely work together to make some positive changes. 

You’ve raised a really important point. Yes, carbohydrate needs *do* differ significantly for people with diabetes compared to the general population. It’s not about completely eliminating carbs, but rather about *how* and *what* kind of carbs you’re choosing, and in what amounts.

As the information you shared highlights, carbohydrates – which include sugars, starches, and fiber – have a huge impact on your blood sugar levels. Foods high in simple sugars and refined starches tend to cause a faster, steeper rise in blood glucose followed by a rapid drop, which isn't ideal for long-term health. 

**Here’s what’s important for you, given your profile:**

*   **Fiber is Key:** Because you enjoy bananas – which are a good source of fiber – that's a great starting point! Fiber helps slow down the absorption of sugar into your bloodstream, preventing those big spikes.
*   **Prioritizing Whole Grains:** Since you are trying to avoid wheat (due to your allergy), we can explore options like brown rice, quinoa, and oats, which are excellent sources of fiber and complex carbohydrates. These will be much gentler on your blood sugar than processed grains.
*   **Portion Control:** Even healthy carbs need to be eaten in moderation. We'll work together to determine appropriate portion sizes for you, considering your activity level (moderately active) and overall calorie needs.

**Important Note for You:**  You mentioned enjoying chicken, which is a great lean protein source. Combining protein with carbohydrates can also help slow down the digestion of carbs and further stabilize blood sugar.

**Moving Forward:**

I would like to schedule a follow-up discussion to discuss your current eating habits in more detail, including your favorite snacks and drinks, and to create a personalized plan that you can comfortably stick with. 

Remember, this isn't about restriction or feeling deprived. It's about making informed choices that support your health and well-being. Would you be open to scheduling a follow-up appointment?

**Disclaimer:** *I am an AI assistant and not a registered dietitian or medical professional. This information is for general knowledge and informational purposes only, and does not constitute medical advice. It is essential to consult with a qualified healthcare provider for any health concerns or before making any decisions related to your health or treatment.*",200,51.369
20,answerable,Can fiber supplements lower blood sugar?,"Okay, Peter, let's talk about this – and it’s really good of you to be proactive about preventing diabetes at 39. It’s fantastic that you're thinking about this now, and I want to be really clear and supportive as we explore how fiber might play a role.

Based on the research we’ve looked at, the connection between fiber and blood sugar isn’t quite as simple as just “more fiber equals lower blood sugar.” What’s really interesting, and what the studies show, is that fiber’s impact is often tied to *what kind* of fiber it is and *what else* you’re eating.

Specifically, the research highlighted in the Jovanovski study – which looked at 28 clinical trials – showed that fiber supplementation *did* make a significant difference for people *already* diagnosed with diabetes. It improved HbA1c, fasting glucose, and insulin levels.

Now, let’s consider your situation. You're moderately active, you generally eat a balanced diet, but you do enjoy some processed snacks and sugary drinks – and you love bananas, which is wonderful! 

Here’s the key takeaway: fiber helps by slowing down the absorption of sugar from the foods you eat. This means your blood sugar levels won’t spike as dramatically after a meal or snack.  

**However, the *type* of fiber matters,** and this is where your diet comes in. The research suggests that those with lower gluten intake were at a higher risk of diabetes, *likely* because they were also consuming less fiber and whole grains.

**So, what does this mean for you?**

*   **Focus on Whole Foods:** Since you enjoy bananas – that's great! They are a good source of fiber. Prioritizing whole grains (if you can tolerate them – given your wheat allergy), fruits, and vegetables will naturally boost your fiber intake.
*   **Be Mindful of Processed Snacks:** You mentioned enjoying some processed snacks – these often lack fiber and can contribute to blood sugar spikes. 
*   **Hydration:** Remember to drink plenty of water, as fiber needs water to work effectively.

**Important Note:** I want to emphasize that I’m not suggesting that fiber alone will *guarantee* you won’t develop diabetes. However, incorporating more fiber into your diet can be a powerful tool in your prevention strategy. 

**Next Steps:** 

I'd love to help you explore ways to incorporate more fiber into your diet in a way that fits your preferences and your allergies (remembering the wheat allergy). Perhaps we can talk about some delicious, fiber-rich meals and snack ideas you can easily add to your routine.  

**Disclaimer:** *I am an AI assistant and not a medical professional. This information is for general knowledge and informational purposes only, and does not constitute medical advice. It is essential to consult with your doctor or a registered dietitian for personalized advice based on your specific health needs.*

Would you like to talk more about specific foods you enjoy, or would you like me to suggest some practical ways to increase your fiber intake?",200,66.786
21,answerable,Will drinking diet soda cause diabetes?,"Okay, Peter, let’s talk about this – it’s fantastic that you’re being so proactive about preventing diabetes at 39. It shows you really care about your health, and that’s a wonderful foundation to build on. I understand you're noticing a connection between diet soda and diabetes, and it's a really important question to explore.

Let’s get straight to the science, because accuracy is absolutely key here. The research shows a clear link between sugar-sweetened beverages (SSBs) – which includes diet soda – and an increased risk of type 2 diabetes. 

Now, the numbers can be a little surprising. Several studies have found that even *just* one serving of a regular soda a day can raise your risk of developing prediabetes by as much as 26% (208).  And while it might seem like a better choice, research also suggests that diet soda isn't entirely harmless. A meta-analysis revealed that consuming diet soda still increased the risk of type 2 diabetes by about 8% (209).

**What about sugar substitutes?** This is a really complex area, and frankly, the research isn't entirely conclusive yet. The issue is that our bodies aren’t fully equipped to process artificial sweeteners the same way we process sugar. It seems like the impact of these sweeteners on our gut microbiome – the community of bacteria living in our digestive system – could be a significant factor. Some research suggests that these sweeteners might actually *increase* cravings for sweet foods, potentially leading to overconsumption and ultimately, contributing to weight gain and insulin resistance – both of which are major risk factors for type 2 diabetes. 

**The good news is that swapping SSBs for water is a really smart move.** Studies have shown that replacing them with water can reduce the risk of type 2 diabetes by as much as 7-8% (210). 

**Let’s tailor this to you, Peter:** Given your balanced diet and your activity level, it's fantastic you're taking this step. Considering your preference for bananas and chicken – both healthy choices – we can focus on building a really solid hydration habit.  Perhaps we can explore some ways to make water more appealing – like adding slices of lemon or cucumber. 

I really want to emphasize that this isn't about demonizing diet soda entirely.  It’s about being mindful of your choices and recognizing that there are better ways to stay hydrated and support your overall health goals. 

Would you like to talk a little more about specific strategies for increasing your water intake, or perhaps delve into the potential impact of artificial sweeteners a bit deeper?  I'm here to help you every step of the way. Do you have any immediate questions about this information?",200,56.89
22,answerable,Can skipping meals cause blood sugar problems?,"Okay, Peter, let’s talk about this – it's really great that you’re being proactive about preventing diabetes at 39, especially considering your stats. It’s fantastic you're aware and wanting to take control. 

Now, let’s address your question about skipping meals and how it might impact your blood sugar. The research paints a pretty clear picture, and it's important to understand what's happening. 

**The Short Answer:** Skipping meals can absolutely contribute to blood sugar problems, and it's something we need to be mindful of.

**Here’s what the evidence suggests, based on the studies we've discussed:**

*   **Skipping meals disrupts your body’s natural rhythm:** When you skip meals, particularly if it’s followed by a larger, more heavily processed meal, it can cause a dramatic spike in blood sugar. This happens because your body isn’t regularly receiving the nutrients it needs to properly regulate glucose.
*   **Intermittent Fasting – It’s Not a Magic Bullet for Diabetes Prevention:** While intermittent fasting can lead to weight loss (which *is* fantastic for preventing diabetes), the studies haven't shown it directly improves blood sugar levels compared to a more consistent eating pattern. It seems the timing of food *does* matter, as we'll see.
*   **Timing is Key:** The research on the 6-hour eating window – restricting your final meal to before 3 PM – is particularly significant. This timing seems to improve insulin sensitivity, b-cell responsiveness, and other markers of blood sugar control. This suggests that *when* you eat is as important as *what* you eat. 

**Considering Your Specifics, Peter:**

Given that you enjoy bananas, chicken, and are aiming to prevent diabetes, we need to focus on consistent, balanced meals. Skipping meals would likely exacerbate your blood sugar fluctuations. 

**Here’s what I recommend, considering your likes and allergies:**

1.  **Regular Meal Times:** Aim for 3 meals a day, with healthy snacks if needed to manage your energy levels.
2.  **Balanced Meals:** Let’s focus on incorporating lean protein (like chicken), complex carbohydrates (like bananas - but be mindful of portion sizes), and plenty of vegetables.
3.  **Limit Processed Snacks & Sugary Drinks:** You mentioned this already, and it’s brilliant! These are major contributors to blood sugar spikes.
4.  **Listen to Your Body:** Pay attention to how you feel after eating. Are you experiencing hunger pangs or energy crashes? This can give you valuable feedback on your eating habits.

**Important Note:**  I want to emphasize that I'm not a substitute for regular medical check-ups. We should discuss this with your doctor, especially since you're aiming to prevent diabetes.

**Next Steps:** Let’s schedule a follow-up discussion where we can dive deeper into your eating habits, explore some meal ideas that fit your preferences, and talk about your blood sugar management strategy. Would you be open to that?

**Disclaimer:** *I am an AI assistant and cannot provide medical advice. This information is for general knowledge and informational purposes only, and does not constitute medical advice. It is essential to consult with a qualified healthcare professional for any health concerns or before making any decisions related to your health or treatment.*",200,67.75
23,answerable,Can I have cheat days if I'm diabetic?,"Okay, Peter, let’s talk about this – it’s fantastic that you’re so proactive about your health and wanting to prevent type 1 diabetes. It's truly commendable that you're exploring different eating patterns.

Based on the current research, the picture isn’t quite as clear-cut as maybe you were hoping for when considering ‘cheat days’ or really distinct eating patterns like the Mediterranean diet, vegetarian, or vegan diets. As you’ve read, there aren’t many robust clinical trials directly comparing these specific approaches in adults with type 1 diabetes. 

What *is* emerging is some interesting data about very low-carbohydrate (VLC) eating patterns. That one crossover trial you mentioned, with 10 participants, was a small but significant study. It showed that people on a VLC diet – aiming for just 47 grams of carbohydrates a day – experienced a noticeable difference compared to a higher-carb diet (225 grams). 

**Important Considerations for You, Peter:**

*   **Individualized Approach is Key:** Because there isn't a one-size-fits-all answer, we need to focus on building a sustainable eating plan *specifically for you*.  Given your activity level (moderately active) and your preferences – you enjoy bananas and chicken, and you like to avoid brussels sprouts – we can definitely work with that!

*   **Managing Blood Sugar:** The main goal is always to keep your blood sugar levels as stable as possible. That means carefully monitoring your carbohydrate intake, paying attention to portion sizes, and understanding how different foods affect you.

*   **‘Cheat Days’ – Let's Approach with Caution:** While a very occasional treat might be okay, regularly deviating from a consistent, balanced plan can make it harder to manage your blood sugar. I would strongly advise against regular ‘cheat days,’ especially when working to prevent diabetes.

**Moving Forward – What We Can Do Together:**

1.  **Refine Your Balanced Diet:** We can work together to identify areas where you can make small, consistent changes – perhaps reducing processed snacks and sugary drinks, and focusing on whole, unprocessed foods.
2.  **Carb Counting:** I can teach you about carb counting – understanding how many carbohydrates are in the foods you eat and how that impacts your blood glucose.
3.  **Blood Glucose Monitoring:** We'll use your blood glucose monitoring data to see how different foods and activities affect you, giving us valuable insights.

**Important Note:** I want to be clear – I'm here to support you every step of the way. Let’s work together to build a healthy and sustainable eating plan that will help you achieve your goals.  Would you like to start by talking about your typical daily food intake?",200,54.668
24,answerable,Do artificial sweeteners increase diabetes risk?,"Okay, Peter, let’s talk about this – it’s fantastic that you’re being so proactive about preventing diabetes at 39. It's really commendable that you're taking this seriously, and I want to be a supportive resource for you.

Based on the information we’ve reviewed, including the consensus recommendations from healthcare professionals, the answer to your question about artificial sweeteners and diabetes risk is a bit nuanced, but ultimately, it’s a good one to be mindful of.

**Here’s what the research suggests:**

The key thing to understand is that while artificial sweeteners themselves might not *directly* cause diabetes, their impact is often linked to *how* we use them. The evidence overwhelmingly shows that sugar-sweetened beverages (SSBs) – and even some artificial sweeteners used in those drinks – are significantly linked to an increased risk of type 2 diabetes. 

Think of it this way: when you swap a sugary drink for a diet soda, you might feel like you've made a healthy choice, but if you then compensate by snacking on more processed foods or increasing your overall calorie intake, it can actually undo the benefits. 

**Specifically, the research highlights:**

*   **SSBs contribute to increased risk:** The consensus is very clear - excessive consumption of sugar-sweetened beverages, whether they contain sugar or artificial sweeteners, increases the risk of developing type 2 diabetes.
*   **Compensatory eating:** A major factor is that people tend to overconsume calories when they’re using artificial sweeteners. This can lead to weight gain, which is a significant risk factor for diabetes. 

**Now, let’s consider your situation:**

You enjoy bananas, chicken, and are working to make balanced choices, which is great! You also have some processed snacks and sugary drinks in your diet – that’s a good starting point for us to look at.  Given your activity level (moderately active) and your current habits, we want to be smart about reducing your overall sugar and calorie intake, and specifically, minimizing added sugars. 

**Here's what I recommend moving forward:**

1.  **Focus on Whole Foods:** Let's build your meals around whole, unprocessed foods like your favorite chicken and bananas. These are packed with nutrients that support healthy blood sugar levels.
2.  **Reduce SSBs:** I really encourage you to dramatically reduce your intake of sugary drinks.
3.  **Be Mindful of Sweeteners:**  If you’re using artificial sweeteners, do so sparingly, and really focus on your overall eating patterns. Don’t use them as a free pass to eat more.
4. **Track your intake:** Using a food diary or app can help you to identify where you can make changes. 

**Important Note:** I’m here to help you make sustainable changes, not to impose strict rules. It’s all about finding a balance that works for you and your lifestyle.

**Disclaimer:** *I am an AI assistant and not a registered dietitian or medical professional. This information is for general knowledge and informational purposes only, and does not constitute medical advice. It is essential to consult with a qualified healthcare professional for any health concerns or before making any decisions related to your health or treatment.*

Would you like to discuss some specific strategies for reducing your sugary drinks or exploring some healthy alternatives? Perhaps we can talk about your favorite snacks and how to swap them out for healthier options?",200,64.238
25,answerable,Is drinking wine okay if I'm prediabetic?,"Okay, Peter, let’s talk about this – it’s fantastic that you’re being so proactive about preventing diabetes, and I really appreciate you sharing your information with me. It's a smart move to consider how something like wine might fit into your picture.

Based on the research we’ve reviewed, and given your situation – being 39, moderately active, and wanting to proactively manage your risk – the picture is actually quite nuanced. 

The good news is that the research *does* suggest a potential benefit with wine, specifically. The Knott et al. study highlighted a reduction in diabetes risk at all levels of wine consumption, with a noticeable peak reduction around 10-14 grams a day (roughly one standard drink). This is a significant finding. 

However, it’s absolutely crucial to understand *how* this works and the important caveats. The U-shaped relationship they found means that a little bit of wine *could* be beneficial, but going beyond that level doesn’t necessarily lead to further reductions and could actually start to increase your risk. 

**Here’s what we need to focus on, given your goals:**

1.  **Portion Control is Key:**  Let’s aim for the lower end of that range – around 10-14 grams (approximately one small glass – about 5oz or 150ml) of wine, and *only* a few times a week. 

2.  **Consider Your Overall Diet:** Since you enjoy bananas and chicken, that's great! However, because you do have some processed snacks, let’s be mindful of pairing your wine with healthy choices – maybe some cheese or a small salad. 

3. **Don’t Start Just for the Potential Benefit:** Because you are proactively trying to prevent diabetes, you should not start drinking alcohol with the intention of getting a potential health benefit. 

4.  **Listen to Your Body:** Pay attention to how you feel when you drink. 

**Important Disclaimer:** *I want to be very clear: I’m an AI and cannot give medical advice. This information is based on the research we’ve discussed, but it’s absolutely essential that you talk to your doctor about incorporating any alcohol into your lifestyle. They can consider your specific health profile, current medications, and any other individual factors that might be relevant.*

Do you want to talk a little more about how we can really focus on supporting your healthy eating habits while you're exploring this? Perhaps we could discuss some strategies for managing those processed snack cravings?",200,53.04
26,answerable,Can high cholesterol in my diet worsen diabetes?,"Okay, Peter, let’s talk about this – it’s fantastic that you’re being so proactive about preventing diabetes at 39. It takes real strength and awareness, and I want to reassure you that we can work together to build a plan that's right for *you*.

Now, you asked about whether high cholesterol in your diet could worsen diabetes, and it’s a really important question. Based on the research we’ve discussed, and particularly the information about how the body naturally produces cholesterol, the direct link between dietary cholesterol and worsening diabetes isn't quite as straightforward as some might make it seem. 

The key takeaway from the research I’ve reviewed is that your body is quite clever and can produce enough cholesterol for its normal functions – things like building cells and maintaining healthy tissues. So, you don’t *need* to get all your cholesterol from food. 

However, and this is important – the research still shows a connection between cholesterol intake and your blood cholesterol levels. It’s not a perfect correlation with heart disease (CVD) events, which is why we see conflicting recommendations. 

**What does this mean for you specifically, considering your preferences?**

Because you enjoy bananas and chicken, which are generally healthy choices, we can absolutely build a plan that focuses on those things. It’s also great that you are aware of your tendency to reach for processed snacks and sugary drinks. Those can definitely contribute to fluctuations in blood sugar, and we can definitely work to make some changes there – perhaps exploring healthier snack options alongside your favorite foods. 

**Moving forward, here’s what I’d like to focus on with you:**

1.  **Blood Sugar Control:** Let's prioritize strategies to manage your blood sugar levels – regular meal times, portion control, and being mindful of those sugary drinks.
2.  **Balanced Eating:** We can build a diet rich in whole foods – lean protein like chicken, fruits like bananas, and plenty of vegetables (even if you don’t love brussels sprouts!).
3.  **Ongoing Monitoring:** Regular check-ups with your doctor will be essential to monitor your blood sugar and cholesterol levels. 

**Important Disclaimer:** *I am an AI assistant providing information based on the current research available. This information is not a substitute for professional medical advice. It’s crucial to discuss your individual health needs and any dietary changes with your doctor or a registered dietitian.* 

Do you want to start by talking a little bit more about your current eating habits? Perhaps you could tell me about a typical day – what you eat for breakfast, lunch, and dinner, and what you drink?",200,50.748
27,answerable,Should I limit eggs if I have diabetes?,"Okay, Peter, let’s talk about eggs and your goals of preventing diabetes. It’s fantastic that you're being so proactive – taking charge of your health is a really positive step, and I want to help you feel confident.

Based on what you've shared – your age, activity level, and that you're aiming to *prevent* diabetes – it’s a really smart question to be asking about eggs. Let’s break down what the research says, and then I can offer some personalized guidance.

**The Research on Eggs and Diabetes Risk**

The studies you pointed out are really important. They’ve shown that focusing on a diet rich in vegetables, fruits, and whole grains from a young age (starting even in infancy!) significantly improves insulin sensitivity and overall blood sugar control. That’s fantastic news, and it highlights the importance of building good eating habits early on.

Now, let’s specifically look at eggs.  There’s been some debate, and research hasn’t given us a completely clear answer yet. Here’s what we know:

*   **Some studies have linked higher egg consumption to a *slightly* increased risk of type 2 diabetes.** However, these findings are often seen in larger, more general populations.
*   **Other research suggests the effect might be minimal, or even non-existent, *if* you’re eating eggs in moderation as part of a healthy diet.** 

**Personalized Advice for You, Peter**

Considering your profile – you enjoy bananas and chicken, and you’re working towards preventing diabetes – here’s what I’d recommend:

1.  **Moderation is Key:**  I would suggest limiting your egg consumption to 1-2 eggs per week as a starting point.
2.  **Focus on the Whole Picture:** It's crucial to consider *everything* you eat.  Your preference for bananas is great – they're naturally sweet, but also contain fiber which helps regulate blood sugar.  Chicken is a good choice too, especially if you're preparing it in a healthy way (baked, grilled, or roasted with herbs and spices rather than heavy sauces).
3.  **Listen to Your Body:** Pay attention to how you feel after eating eggs.  Do you notice any fluctuations in your energy levels or blood sugar? 
4.  **Prioritize Your Overall Diet:** Remember that the biggest impact on your diabetes risk will come from your overall diet – emphasizing plenty of vegetables, whole grains, lean protein (like chicken), and limiting processed snacks and sugary drinks, which is fantastic that you are aiming to do.

**Important Note:** Because you have a sensitivity to nuts and wheat, it is absolutely essential to pay very close attention to the ingredients in any prepared foods or sauces you consume. 

**Disclaimer:** *I am an AI assistant and not a registered dietitian or medical professional. This information is for general knowledge and informational purposes only, and does not constitute medical advice. It is essential to consult with your doctor or a qualified healthcare provider for any health concerns or before making any decisions related to your health or treatment.*

Do you want to talk more about specific ways you can build a balanced meal around your favorite foods, or perhaps explore some simple, healthy recipes?  What are your thoughts on this, Peter?",200,63.081
28,answerable,Is it bad to eat saturated fat with diabetes?,"Okay, Peter, let's talk about this – it’s fantastic that you're being so proactive about preventing diabetes at 39. It’s really commendable that you're thinking about your health now, and we can definitely explore this question about saturated fat. 

Based on the research I've reviewed, the picture is actually a bit more nuanced than you might think. For a long time, saturated fat was seen as the absolute enemy, but the latest evidence is suggesting a more complicated relationship.

**What the research *does* show:**

*   **Older studies didn't find a strong link:** Initially, many studies didn’t find a direct link between saturated fat and an increased risk of diabetes.
*   **Surprisingly, higher intake linked to lower mortality:** A more recent study actually found that people who ate *more* saturated fat had a lower risk of dying overall! This was a surprising finding, and it’s something researchers are still investigating.
*   **Unsaturated fats are key:** The really good news is that replacing saturated fat with *unsaturated* fats – specifically monounsaturated and polyunsaturated fats – is consistently shown to reduce your risk of heart disease and death.  The PREDIMED study highlighted this beautifully.

**What’s important for *you*, Peter:**

Given your goals, and considering you enjoy bananas and chicken, let's focus on smart swaps.  Since you enjoy bananas and chicken, which are generally healthy choices, we can definitely work to minimize your saturated fat intake.

*   **Swap, don't eliminate:** Instead of completely cutting out saturated fat, let’s look at replacing it with healthier fats.  Good choices for you would be things like olive oil (great with chicken!), avocados (if you like them – no nuts for you!), and sources of polyunsaturated fats like fatty fish (salmon, for example – a good source of protein and healthy fats).
*   **Reduce processed snacks:** Since you mentioned some processed snacks, these often contain a lot of saturated fat. We can look for healthier alternatives, like plain Greek yogurt with fruit (instead of sugary cereals) or a piece of fruit with a small amount of nut butter (since nuts aren't your thing, we’ll skip this!).

**Important Note:** It's crucial to remember that this is based on observational studies, and more research is ongoing. However, the consistent message is that *replacing* saturated fats with healthier fats is a really powerful strategy for your health.

**Next Steps:**

I’d love to help you create a plan that fits your preferences – especially your love for bananas and chicken.  Could you tell me a bit more about:

*   What kind of meals do you typically eat?
*   Are there any specific foods you’d like to reduce in your diet, besides those high in saturated fat?",200,57.83
29,answerable,Can I get off insulin if I lose weight?,"Okay, Peter, let's talk about this – it’s fantastic that you're seriously considering taking steps to prevent diabetes, and wanting to explore the possibility of reducing or even potentially stopping your insulin. It’s really smart to be proactive, and I want to be very clear: I’m here to help you navigate this safely and effectively.

Based on what you've told me – your age, height, current weight, and activity level – combined with the information we’ve discussed, it’s definitely a conversation we can have. The research, particularly the UK Prospective Diabetes Study (UKPDS), really emphasizes that *the greater the weight loss, the greater the benefits* when it comes to type 2 diabetes. They’ve found that aiming for a weight loss of 15% – if you can achieve it safely and sustainably – actually leads to even better improvements in blood glucose levels. 

Now, let’s be really careful here. Your current insulin is likely prescribed to manage your blood sugar levels, and stopping it abruptly *without* careful medical supervision could be very risky. It’s absolutely essential that you continue to work closely with your doctor and, potentially, a registered dietitian like myself to monitor your progress and adjust your treatment plan as needed. 

**Here’s what’s important to consider, and what we can work on together:**

1.  **Sustainable Weight Loss:** Let’s focus on a realistic and sustainable approach to weight loss. Given your preference for things like bananas and chicken, and your activity level, we can build a plan around those foods while minimizing processed snacks and sugary drinks – which are definitely important to address.
2.  **Regular Monitoring:** We’ll need regular check-ups with your doctor to monitor your blood glucose levels, A1C, and overall health.
3.  **Gradual Reduction (Under Medical Supervision ONLY):** *Only* with your doctor's guidance, we can discuss a gradual reduction in your insulin dosage *as* your weight comes down and your blood sugar levels stabilize. This must be a very slow and carefully monitored process. 

**Important Disclaimer:** *I am an AI and cannot provide medical advice. This information is for educational purposes only. It is crucial that you discuss any changes to your medication or treatment plan with your healthcare provider.*

**Let's start by talking a bit more about your current eating habits and your activity level. Can you tell me a little more about a typical day for you in terms of what you eat and how much you're moving around?** 

Would you like to set some realistic goals together for the coming week, focusing on small, achievable changes that can build momentum?",200,54.297
30,answerable,Will reducing carbs help reduce diabetes meds?,"Okay, Peter, let’s talk about this in a way that’s really helpful for you. It's fantastic that you’re being so proactive about preventing diabetes at 39 – that’s a really smart and empowering step! 

Based on what we know about how carbohydrates affect blood sugar, it absolutely makes sense that your needs might be different than someone without diabetes. You’re right to be focusing on this, as carbohydrates *are* the main driver of blood sugar changes.

Essentially, when you have diabetes (or are working to prevent it), how your body handles carbs is key. Foods with lots of simple sugars and refined starches tend to cause a quicker, steeper rise in blood glucose, followed by a rapid drop – which can be problematic. Conversely, foods high in fiber – like the bananas you enjoy – tend to break down more slowly and have a gentler, more stable effect.

**Here’s the key difference:** People with diabetes often need to carefully manage *how much* carbohydrate they eat *and* the *type* of carbohydrates they choose. This is because the goal is to keep blood glucose levels as stable as possible. 

**Now, let’s talk about your preferences:** You like bananas, which is great – they're a good source of fiber and potassium. Chicken is a healthy choice, and we can certainly build meals around it. 

**What this means for you practically:** We’ll want to focus on incorporating more foods high in fiber – think whole grains, lots of non-starchy vegetables (besides brussels sprouts, which you don't like!), and lean proteins.  We’ll need to pay attention to portion sizes, especially of things like fruit. 

**It's really important to note:** I’m not suggesting that reducing carbs will *automatically* reduce your need for medication. Medication is often a crucial part of managing diabetes. However, making dietary changes *can* play a significant role in helping to manage your blood sugar levels, which *could* potentially lead to a reduction in the amount of medication needed over time. 

**Next Steps:** I'd love to talk more about your current eating habits, and we can start to create a personalized plan that’s tailored to your likes and dislikes. Would you be open to scheduling a follow-up appointment so we can discuss this in more detail? 

**Important Disclaimer:** *I am an AI assistant and not a medical doctor. This information is for general knowledge and informational purposes only, and does not constitute medical advice. It is essential to consult with your healthcare provider or a registered dietitian for personalized advice based on your specific health needs and circumstances.*",200,52.006
31,answerable,Can eating patterns prevent prediabetes from becoming diabetes?,"Okay, Peter, let’s talk about this – it’s fantastic that you’re being so proactive about preventing prediabetes, and I want to reassure you that we can absolutely work together to make a real difference. It's really commendable that you’re taking this seriously at 39; it shows you’re thinking about your long-term health.

Based on the latest research, the good news is there isn’t one “magic bullet” eating pattern that works for *everyone* with prediabetes. What the current evidence really points to is focusing on the *key principles* that are common across many successful approaches. Let’s break that down:

**1. Nonstarchy Vegetables are Your Friend:** We need to really amp up how much of your plate that is! Think leafy greens (spinach, kale, romaine), broccoli, cauliflower, peppers, zucchini – all those colorful, nutrient-packed veggies. They’re low in calories and carbs and incredibly beneficial for your overall health.

**2. Minimize Added Sugars and Refined Grains:** This is a big one. Things like sugary drinks (which you’ve mentioned you enjoy), white bread, white rice, and pastries can cause a rapid spike in your blood sugar. We're looking at significantly reducing your intake of these.

**3. Whole Foods Over Processed:** As much as possible, let's focus on whole, unprocessed foods. This means lean protein sources like chicken, plenty of fruits (you like bananas – excellent!), and prioritizing foods that are as close to their natural state as possible.

**Important Considerations for You, Peter:**

*   **Your Likes & Dislikes:** You enjoy bananas, chicken, and I know you’re sensitive to nuts and wheat. We'll absolutely work with those preferences to build a sustainable plan.  Let's find delicious ways to incorporate whole fruits and lean proteins into your diet.
*   **Your Activity Level:** Being moderately active is fantastic!  That’s great for managing blood sugar and overall health. We can tailor your food intake to support your activity level.

**What this *doesn’t* mean:** It doesn't mean you need to completely eliminate carbs or follow a rigid diet. It means making smart choices and focusing on balance.

**Next Steps:**

I'd love to delve a little deeper into what a sample eating plan might look like for you. To start, could you tell me a little bit more about:

*   What’s a typical day of eating like for you right now? (Don’t worry about being perfect – just a general overview.)
*   Are there any specific times you tend to reach for those sugary drinks or snacks?
*   On a scale of 1-10, how confident do you feel about making changes to your diet? (This will help me understand where to start.)

Remember, Peter, this is a journey, not a race. We'll take it one step at a time, focusing on small, achievable changes that you can stick with long-term. I'm here to support you every step of the way. 

Do you want to start with just a few simple swaps – like switching to water instead of soda or choosing a banana instead of a pastry for a snack?",200,65.064
32,answerable,Is weight loss surgery good for people with diabetes?,"Okay, Peter, let's talk about this – and let’s approach it with a really gentle and realistic perspective. It’s fantastic that you're being so proactive about preventing diabetes at 39, especially considering your current weight and activity level.  It's really smart of you to focus on this now.

Based on what we know, and especially the research we've looked at, the good news is that significant weight loss *does* have a really powerful effect on your risk of developing type 2 diabetes. The research, including the UK Prospective Diabetes Study (UKPDS), shows a clear link: the more you can safely and sustainably lose weight – and this is really important – the better your blood sugar control will be. 

Specifically, the UKPDS found that decreases in your fasting glucose were directly related to the amount of weight you lost.  It’s not about hitting a magic number like 5% or 7% – although those are good starting points – the data suggests that aiming for a weight loss of 15% or more, if you can manage it safely, leads to even more substantial benefits.

Now, let's be really honest.  You enjoy things like bananas and chicken, which are excellent choices. And you’ve mentioned some processed snacks and sugary drinks – we can definitely work on gradually reducing those, but we don’t need to overhaul everything overnight. It’s about making sustainable changes.

**Here’s what I'm thinking we can focus on:**

1.  **Realistic Goals:** Let’s not aim for a drastic change immediately. We can start with small, achievable steps.
2.  **Focusing on Whole Foods:** We can lean into your favorite foods like bananas and chicken, while minimizing processed snacks.
3.  **Gradual Reduction of Sugary Drinks:**  Let’s talk about swapping those out for water, unsweetened tea, or perhaps sparkling water with a slice of lemon.
4.  **Regular Physical Activity:** Given your “moderately active” level, incorporating more structured exercise would be beneficial. We can start with achievable goals, like a brisk 30-minute walk most days.

**Important Note:** *I want to stress that I am an AI assistant, and this information is not a substitute for personalized medical advice. It is crucial that you discuss your goals and any dietary changes with your doctor or a registered dietitian.* They can assess your overall health and help you create a safe and effective plan. 

**What are your initial thoughts on this? Is there anything you'd like to discuss further, or perhaps a specific area you'd like to focus on first?**  Let's take things one step at a time.",200,55.423
33,answerable,Are plant-based diets better than low-carb for diabetes?,"Okay, Peter, let’s talk about this really important topic – how carbohydrates play a role in managing your health and preventing diabetes. It’s fantastic that you’re being proactive and thinking about this now at 39 – it’s a really smart move!

Based on the information we've discussed and what you’ve shared about your goals, it's absolutely correct that carbohydrate needs are different for people with diabetes compared to the general population.  Your body’s ability to process carbohydrates, and therefore how they impact your blood sugar levels, is quite a bit different when you’re managing diabetes.

You're right to focus on carbohydrates – they *are* a readily used source of energy, and they *do* have a huge impact on your blood glucose. Think of it this way: carbohydrates – which include sugars, starches, and fiber – can cause your blood sugar to rise quickly if you're not careful.  

The key is *how* you eat them. Foods high in fiber, vitamins, and minerals are fantastic choices, and you’re right to be mindful of limiting added sugars, fats, and sodium. 

**Here’s what’s important to understand, specifically for you:**

*   **Glycemic Response:** Some carbohydrate-rich foods cause a rapid rise and a quick drop in blood sugar, while others cause a slower, more sustained increase. We want to prioritize foods that cause a slower, more controlled response.
*   **Fiber Matters:** Fiber is your friend! It slows down the absorption of sugar into your bloodstream, which helps keep your blood glucose levels more stable.
*   **Personalized Approach:** The amount of carbohydrates you need will be different than someone without diabetes, and it needs to be tailored to *you*. 

**Considering your preferences and current habits:**

*   **You enjoy bananas:** Bananas are a good source of fiber and nutrients, so they can definitely be part of a healthy plan, but we’ll need to consider the portion size. 
*   **You like chicken:** Chicken is a great lean protein source, which is important for overall health and helps manage blood sugar.
*   **Processed snacks and sugary drinks:** These are things we'll want to gradually reduce, as they’re typically high in refined sugars and often low in nutrients. 

**Next Steps:**

I think the next step would be to start tracking your food intake, especially focusing on the carbohydrates you're consuming. I'd also love to discuss more about your activity level – your moderately active lifestyle is fantastic and will contribute to better blood sugar control. We could explore some practical strategies for incorporating more fiber-rich foods – like incorporating more fruits and vegetables – into your diet. 

Don't feel overwhelmed, Peter. We'll take this one step at a time. How does all of this sound to you? Would you like to start with tracking your food intake for a few days, or would you like to talk more about specific foods you enjoy and how we can make them part of a healthy plan?",200,58.236
34,answerable,How much exercise should I do to prevent diabetes?,"Okay, Peter, let's talk about this really important step you’re taking to prevent diabetes. It’s fantastic that you’re being so proactive at 39 – it shows you’re really invested in your long-term health, and that’s a huge positive.

Based on what we know from research, and considering your current weight of 79kg with a height of 180cm – which puts you in a healthy BMI range – the most effective strategy for preventing diabetes focuses on achieving a weight loss of around 7-10%.  The research, particularly the study using phentermine/topiramate, has shown that this level of weight loss – a 10% reduction – dramatically lowers your risk by about 79% over two years.  Interestingly, any further weight loss beyond 15% doesn't seem to provide an additional benefit.

Now, let's talk about *how* to get there, keeping your preferences in mind.  You enjoy bananas and chicken, which are excellent choices! We can definitely build a plan around those. 

**Here's what we can focus on:**

*   **Regular Physical Activity:**  The research really highlights the importance of exercise.  Aim for at least 150 minutes of moderate-intensity aerobic exercise per week – things like brisk walking (which you could easily incorporate with your banana enjoyment!), cycling, or swimming.  Alongside this, incorporating resistance training – think bodyweight exercises, using resistance bands, or light weights – 2-3 times a week is hugely beneficial.  It helps build muscle mass, which is fantastic for boosting your metabolism.
*   **Dietary Changes:** Since you enjoy bananas, we can definitely work with that! Focusing on whole foods - lean protein like chicken, plenty of vegetables (excluding brussels sprouts, of course!), and complex carbohydrates – will help. We can also be mindful of those processed snacks and sugary drinks you mentioned and try to find healthier swaps.

**Important Note:**  I understand you're concerned about preventing diabetes, and it's completely valid. It’s wonderful that you’re taking this seriously.

**Disclaimer:** *I am an AI and cannot provide medical advice. This information is based on established research, but it’s essential to discuss these recommendations with your doctor or a registered dietitian. They can assess your specific situation, consider any other health conditions you might have, and tailor a plan that's perfectly right for *you*. *

Do you want to start by talking about which types of physical activity you think you’d enjoy, and maybe we can brainstorm some simple, achievable goals for the next week?",200,52.857
35,answerable,Is eating after 8pm bad for blood sugar?,"Okay, Peter, let’s talk about this – it’s really smart of you to be thinking about how evening eating, especially with alcohol, might affect your blood sugar and your goal of preventing diabetes. I want to be really clear and gentle with you about this.

The information we’re looking at highlights something quite important. When you eat, particularly after 8 pm, and especially if you've had a drink (alcohol), it *can* increase your risk of delayed hypoglycemia – meaning your blood sugar can drop lower than expected, and it might take longer for it to recover. 

Here’s what’s happening, according to the research:

*   **Alcohol’s Impact:** Alcohol can actually interfere with your body's ability to make more glucose (gluconeogenesis), which is what your liver does when your blood sugar is low. It can also reduce your awareness of low blood sugar, and it can weaken your body’s natural response to bring your blood sugar back up.
*   **Why it Matters for You:** Because you’re actively working to prevent diabetes, even a small, delayed drop in blood sugar can be a significant concern. 

**What Can You Do?**

The good news is that we can take steps to minimize this risk:

1.  **Eat with Alcohol:** Absolutely crucial. When you're having a drink, *always* eat something with it – a balanced meal with protein, fiber, and healthy fats will help slow down the absorption of alcohol and stabilize your blood sugar. You mentioned you like bananas – those would be a good choice alongside your drink.
2.  **Monitor Regularly:** Because of the potential for delayed hypoglycemia, it would be wise to check your blood sugar more frequently, especially after consuming alcohol. 

**Important Note:** Given your profile – moderately active, balanced diet (with some processed snacks), and your goal of preventing diabetes – it’s even more important to be mindful of this. 

**Disclaimer:** *I am an AI and cannot provide medical advice. This information is for educational purposes only. It is essential to discuss your specific situation with your doctor or a registered dietitian to create a personalized plan.* 

Do you want to talk a bit more about your typical evening routine, or perhaps explore some specific foods you could include with your drinks to help manage your blood sugar?",200,46.564
36,answerable,Can personalized diets based on genetics help with diabetes?,"Okay, Peter, let’s talk about this – it’s wonderful that you’re taking such a proactive step to prevent diabetes. It’s really smart of you to consider personalized nutrition, and I want to be completely upfront with you about what the current research tells us.

Based on what we know, and particularly the insights from studies like the one you referenced – those looking at trials in *Diabetes Care* – the field of personalized nutrition for diabetes prevention is incredibly promising, but it’s still evolving. 

Here’s the key thing to understand: your genetic makeup, the way your body processes nutrients (metabolomics), and the composition of your gut bacteria (microbiome) *can* absolutely play a role in how you respond to a diet designed to prevent diabetes.  Think of it like this – what works brilliantly for one person might not be quite right for another. 

**Here's what the research suggests, and what we can realistically do based on your profile:**

*   **Genetics:**  Some genes influence how your body handles carbohydrates and how sensitive you are to insulin.  This is where genetic testing could provide valuable insights – identifying potential areas where you might benefit from slightly different carbohydrate choices.
*   **Metabolomics:** Your body's unique metabolism – how efficiently it processes sugars and fats – can be quite variable. This could explain why you might react differently to a particular meal compared to someone else.
*   **Microbiome:** The trillions of bacteria in your gut are increasingly recognized for their impact on everything from immunity to metabolism.  A diverse and healthy gut microbiome is linked to better blood sugar control.

**Now, let’s look at *you*, Peter, considering your information:**

*   **Your Likes (Bananas, Chicken):** Great! These are generally good choices – bananas offer fiber, and chicken is a lean protein source. We can definitely build meals around these.
*   **Your Dislikes (Brussels Sprouts):**  Okay, let’s not force them!  It’s important to have a diet you can actually *stick with*.
*   **Your Current Diet:** You mentioned you include some processed snacks and sugary drinks. These are definitely areas we can focus on modifying, as they can significantly impact blood sugar levels.

**What we can realistically do *now*:**

1.  **Focus on a Balanced, Whole-Foods Approach:** We'll prioritize lean protein (like chicken), plenty of non-starchy vegetables (besides brussels sprouts!), and high-fiber carbohydrates like those found in bananas.
2.  **Manage Carbohydrate Intake:**  We’ll work together to understand how your body responds to different carbohydrate types and portion sizes.
3.  **Consider Further Testing (Down the Line):**  While a full genetic panel can be expensive and doesn't *guarantee* a perfect diet, it can provide a starting point. We can discuss this further if you're interested. Microbiome testing is also an area of active research.

**Important Note:**  It’s essential to understand that short-term interventions (like 3-week trials) don’t always translate to long-term outcomes. Consistency and a sustainable lifestyle change are absolutely key. 

**I want to be very clear, Peter, that I’m here to support you on this journey.  It’s about building healthy habits that you enjoy and that work *for you*.** 

Would you like to delve deeper into specific aspects of this, such as how we can approach carbohydrate management, or discuss the possibility of further testing in the future?  Let’s start with what feels most approachable for you right now. 

**Disclaimer:** *I am an AI assistant providing information based on current scientific knowledge. This information should not be considered a substitute for professional medical advice. Please consult with your physician or a registered dietitian for personalized guidance.*",200,70.231
37,answerable,What eating pattern lowers diabetes risk the most?,"Okay, Peter, let’s talk about this really important goal of preventing diabetes. It’s fantastic that you're being proactive about your health at 39 – that's a really smart move, and I want you to know I’m here to support you every step of the way. 

Based on the latest research, there isn’t one single “magic bullet” eating pattern that’s proven superior for *everyone* with diabetes risk. That’s actually quite reassuring, because it means you have some flexibility and can build a plan that really fits *you*. 

What the research *does* consistently point to are some key ingredients that, when focused on, will significantly reduce your risk. Let’s break those down:

1.  **Nonstarchy Vegetables are Your Foundation:** You're going to want to load up on these. Think leafy greens like spinach and kale (you can sneak those into smoothies!), broccoli, bell peppers – anything that isn’t a grain, potato, or corn. They’re packed with nutrients and fiber, which are crucial for managing blood sugar.

2.  **Minimize Added Sugars & Refined Grains:** This is a big one, especially given your enjoyment of sugary drinks. Reducing these will have a substantial impact on your blood sugar levels. It's not about strict elimination – it's about moderation and prioritizing whole grains like brown rice or quinoa over white bread or white rice.

3.  **Prioritize Whole Foods:** This means focusing on foods in their most natural state. Think lean protein like the chicken you enjoy, healthy fats, and plenty of colorful fruits and vegetables. 

**Now, let’s talk about you specifically, Peter.** You enjoy bananas and chicken – that’s a great starting point! We can definitely build around those preferences.  Knowing you have a preference for processed snacks and sugary drinks is important.  We can work together to find healthier swaps – perhaps a banana with some Greek yogurt instead of a sugary cereal, or exploring some naturally sweet fruits to satisfy your cravings. 

**Important Note:**  Because you have a wheat and nut allergy, we’ll need to be *extremely* careful about reading labels and avoiding cross-contamination. 

**Moving forward,** I'd love to schedule a little time to delve deeper into your eating habits, talk about your lifestyle, and create a personalized plan that you feel confident following.  Would you be open to that? 

**Disclaimer:** *I am an AI assistant and not a substitute for professional medical advice. This information is for general knowledge and informational purposes only, and does not constitute medical advice. It is essential to consult with a qualified healthcare professional for any health concerns or before making any decisions related to your health or treatment.*",200,55.089
38,answerable,Are nuts good for controlling blood sugar?,"Okay, Peter, let’s talk about carbohydrates and how they relate to your goal of preventing diabetes. You’re doing a really smart thing by focusing on this – it’s absolutely key!

Based on the information we have, yes, carbohydrate needs *do* differ for people who are working to prevent diabetes compared to the general population. It’s a really important distinction to understand.

Here’s the core of why it matters, as outlined in the research you shared:

*   **Blood Glucose Response:** Carbohydrates are your body’s primary source of energy, and they directly impact your blood sugar levels. When you eat carbohydrates, your body breaks them down into sugars, which rise your blood glucose.
*   **Fiber’s Role:** The *type* of carbohydrate you eat is crucial. Foods high in fiber – like whole fruits, vegetables, and whole grains (which you unfortunately can’t have due to your wheat allergy) – tend to cause a slower, more gradual rise in blood sugar. This helps prevent those big spikes and crashes.
*   **Individualized Approach:**  Because everyone’s body responds differently, the amount and *type* of carbohydrates you need will be tailored to *you*.

**Considering your situation, Peter:**

*   **Your Goals:** Preventing diabetes is absolutely achievable, and your focus on this now is fantastic.
*   **Your Preferences:**  You enjoy bananas, which are a good source of carbohydrates and potassium, and you enjoy chicken. Let’s focus on incorporating more of those things.
*   **Your Limitations:**  Given your wheat allergy, we need to be mindful of grains and bread.

**What this means for you practically:**

We'll want to prioritize foods like:

*   **Non-Starchy Vegetables:**  Lots of these are great!
*   **Fruits (in moderation):** Focusing on bananas is a good starting point.
*   **Lean Proteins:** Like your chicken, to help stabilize blood sugar.

**Important Note:** I need to emphasize that this information is for general guidance. It's essential that you work with a registered dietitian or your doctor to create a truly individualized eating plan that considers your specific needs, medications, and overall health. 

Don’t worry, Peter. Taking proactive steps like this shows you’re serious, and I’m here to support you every step of the way. Would you like to discuss some specific meal ideas or perhaps explore how to track your food intake to better understand your body’s response to different foods?",200,49.788
39,answerable,Is it dangerous to fast with type 1 diabetes?,"Okay, Peter, let’s talk about this – it's fantastic that you’re taking such a proactive step in focusing on preventing diabetes, especially given your age and family history. It’s really smart of you to be thinking about this now.

Based on what we know about type 1 diabetes, and what’s particularly relevant to you, the impact of eating plans that create energy deficits and lead to weight loss is a really important consideration. As you know, there’s a growing concern about obesity in people with type 1 diabetes – currently, over 50% of people have overweight or obesity, which is a significant number.

Here’s the key thing to understand, and why it's a bit nuanced:

**The Potential Downsides of Restricting Calories**

While the goal of weight loss is generally positive, when you’re managing type 1 diabetes, restricting calories too aggressively can actually *worsen* things. The research shows a link between obesity and the progression of type 1 diabetes, and it can make managing your blood sugar much harder. Specifically:

*   **Increased Insulin Resistance:** When you lose weight, your body might become *less* sensitive to insulin. This means you'll need more insulin to manage your blood sugar, which can lead to unpredictable fluctuations.
*   **Worsened Glycemic Variability:** This simply means your blood sugar levels will swing more wildly. This makes it significantly harder to control your diabetes and can increase the risk of complications.
*   **Exacerbated Complications:** As you pointed out, obesity is linked to worsened microvascular disease (like diabetic retinopathy and nephropathy) and cardiovascular risk factors – something we absolutely want to avoid.

**A More Gentle Approach – Focusing on Balanced Nutrition**

Instead of a drastic calorie restriction, let’s focus on a more sustainable approach that supports your overall health. Given you enjoy bananas and chicken, we can build meals around those, while carefully considering your processed snack intake – it’s great you’re aware of this. 

Here’s what we can do:

1.  **Prioritize Whole Foods:** Focusing on nutrient-dense foods like lean protein (like chicken), plenty of vegetables (excluding those brussels sprouts, I know!), and healthy carbohydrates will be key.
2.  **Moderate Portion Sizes:** We'll work together to determine reasonable portion sizes for your meals and snacks, based on your activity level.
3.  **Regular Blood Sugar Monitoring:** This is absolutely crucial! We'll need to carefully monitor your blood sugar levels before, during, and after meals to see how your body responds to different foods.

**Important Note:**  It’s worth noting that a recent study suggests that obesity *can* promote progression to overt type 1 diabetes, but we need more research to confirm this.

**Disclaimer:** *I am an AI assistant and cannot provide medical advice. This information is for general knowledge and informational purposes only, and does not constitute medical advice. It is essential to consult with your doctor or a registered dietitian for personalized guidance.*

Would you like to talk more about some specific foods you enjoy, or perhaps we can discuss a sample meal plan?",200,59.548
40,answerable,Can I still drink beer with diabetes?,"Okay, Peter, let’s talk about this – it’s fantastic that you're being so proactive about your health and thinking about how alcohol might fit into your life, especially with your goal of preventing diabetes. It’s really smart of you to ask this question.

Now, let’s be completely clear: alcohol *can* have an effect on diabetes, and it’s something we need to approach with careful consideration. The good news is that research actually shows that *moderate* alcohol consumption can sometimes be beneficial for people with diabetes, and I want to explain why, but also emphasize the importance of being smart about it.

**Here’s the breakdown:**

*   **Potential Benefits (with Moderation):** Some studies have shown that having one moderate drink – think a 12-oz beer, 5-oz wine, or 1.5-oz of spirits – can actually *improve* blood sugar control and even insulin sensitivity in some individuals with type 1 or type 2 diabetes. This is likely because alcohol can stimulate the release of insulin, which helps your body manage glucose.

*   **The Importance of “Moderate”:** This is absolutely key, Peter. “Moderate” means one drink for men, and it’s crucial to stick to that. Going beyond that significantly increases the risks.

*   **Hypoglycemia Risk:** And that’s where it gets important for you, considering your goals. Alcohol can interfere with your body’s ability to release glucose when your blood sugar drops (hypoglycemia). Because you’re being mindful and trying to prevent diabetes, this is a serious concern.

**What You Need to Know & What We Can Discuss:**

1.  **Glucose Monitoring is Crucial:** Because of this risk of hypoglycemia, I want to strongly encourage you to monitor your blood glucose *very* closely after drinking any alcohol. Check it before, during, and for several hours after. This will give us the best information about how alcohol is affecting you personally.

2.  **Your Individual Response:** Everyone reacts differently to alcohol. Your activity level (you’re moderately active, which is great!) and how your body processes alcohol will play a big role.

3.  **Food is Your Friend:** Always eat something when you drink. Food helps slow down the absorption of alcohol and can buffer against hypoglycemia. Bananas are a great choice – they’re packed with potassium and carbohydrates, which can help stabilize your blood sugar.

4.  **Talk to Your Doctor:** It's really important you discuss this openly with your doctor or diabetes care team. They can provide personalized advice based on your specific health situation, medications, and overall treatment plan.

**Important Disclaimer:** *I am an AI assistant and not a medical professional. The information provided here is for general knowledge and informational purposes only, and does not constitute medical advice. It is essential to consult with a qualified healthcare provider for any health concerns or before making any decisions related to your health or treatment.*

How does this information feel to you, Peter? Would you like to talk more about how to manage your blood sugar while enjoying a drink, or perhaps explore some specific foods to eat alongside alcohol?",200,59.913
41,answerable,Should I take vitamin D for diabetes?,"Okay, Peter, let’s talk about vitamin D and diabetes – it's great you're being proactive about preventing this. I understand you're looking for ways to feel secure about your health, and wanting to take steps to manage your risk is really commendable. 

I want to be really clear and upfront with you, and I want you to feel completely comfortable with this: based on the current scientific evidence, routinely taking vitamin D supplements to manage your diabetes isn’t a recommended approach. The information I have access to – and it’s really important you understand this – indicates that studies haven’t shown that vitamin D supplements alone effectively improve blood sugar levels or overall diabetes management. 

Now, you're right to consider this; some research does show that people with diabetes may be at a slightly higher risk of having deficiencies in certain nutrients. It’s important to acknowledge that. However, instead of focusing on a single supplement like vitamin D, the most effective strategy is to focus on a well-rounded, balanced diet. 

Given your preferences – you enjoy bananas and chicken, and you’re mindful of things like nuts and wheat – that’s a fantastic starting point! Building your meals around those foods, while limiting processed snacks and sugary drinks as you mentioned, is a really smart move. 

**Here's what I suggest we focus on, Peter:**

*   **Prioritize Food First:** Let’s really focus on getting the nutrients you need from whole foods.
*   **Regular Check-ins:** Because you’re aiming to *prevent* diabetes, we'll want to regularly monitor your blood sugar levels and overall health.
*   **Don't Self-Treat:** It's crucial to discuss any supplements you're considering with your doctor or a registered dietitian before starting them. They can assess your individual needs and ensure there aren’t any interactions with medications you might be taking. 

**Important Note:** I’m an AI and cannot provide medical advice. This information is for educational purposes only.

Would you like to talk a bit more about how we can tailor some meal ideas to your likes – perhaps focusing on lean proteins like chicken, incorporating some of those bananas, and ensuring we're getting plenty of fiber? Or, would you like to discuss the importance of regular blood sugar monitoring?",200,47.529
42,answerable,Do people with diabetes need more protein?,"Okay, Peter, let’s talk about protein and your goals of preventing diabetes – it's fantastic that you're being so proactive, and I want to help you feel confident in your approach. You’re right to be curious about protein, and it’s a really important piece of the puzzle.

Now, you’re asking about protein needs specifically for someone like you, and it’s a really smart question. The research in this area is still evolving, and you've rightly pointed out that it's a complex area with some conflicting findings. It’s true that there isn’t a single, universally agreed-upon number for people with diabetes or those trying to *prevent* it. 

Here’s what the current research suggests, based on what we know:

**General Recommendations & What the Studies Show:**

*   **Current Guidelines:** Generally, healthy adults need around 0.8 grams of protein per kilogram of body weight. For you, that would be roughly 60 grams a day based on your weight.
*   **The 30% Energy Study:**  The study you referenced – and it's excellent to be aware of it – is particularly interesting. It showed that consuming 30% of your daily calories from protein led to improvements in several diabetes-related markers, including weight, fasting glucose, and insulin requirements. 
*   **Limited, but Promising:** The key takeaway here is that a *higher* protein intake (relative to the standard recommendations) appears to have a positive effect, *at least in the short-term*.

**Personalized Advice for You, Peter:**

Considering your situation – your age, activity level, and goal of preventing diabetes – I’d suggest aiming for a protein intake that's a bit higher than the standard 0.8g/kg. Given your moderately active lifestyle and desire to prevent diabetes, let’s aim for around 1.0 - 1.2 grams of protein per kilogram of body weight. This would put you in the 79-95 gram range. 

**Important Considerations & Why It Matters:**

*   **Blood Sugar Control:** Protein helps slow down the absorption of carbohydrates, which can help stabilize blood sugar levels.
*   **Satiety:** Protein is very filling, which can help you manage your appetite and potentially reduce overall calorie intake.
*   **Your Preferences:** You enjoy bananas and chicken, which are good sources of protein.  That’s a great starting point!

**Important Note:** *I want to emphasize that this is a starting point.*  We need to monitor how you're feeling, how your blood sugar responds, and track your progress. Regular monitoring with your healthcare team is absolutely crucial. 

**Next Steps:**

Let’s schedule a follow-up to discuss your current eating habits in more detail. We can identify areas where you can realistically increase your protein intake while incorporating your preferences (like bananas and chicken).  We can also talk about how to manage those processed snacks you sometimes enjoy – finding healthier alternatives is key! 

**Disclaimer:** *I'm an AI and not a substitute for a registered dietitian or your healthcare provider. Please discuss any dietary changes with your doctor or a qualified professional.*

How does this information feel to you, Peter? Do you have any initial questions or thoughts?",200,62.957
43,answerable,Does sodium affect diabetes?,"Okay, Peter, let's talk about this – it's fantastic that you're being so proactive about preventing diabetes, and it’s really smart to be thinking about the role sodium plays. This is a complex area, and it’s great you’re digging into the details.

What you’ve read is absolutely right – there’s a lot of nuance here, and it’s not as simple as “just cut out all the salt!” The research shows that reducing sodium intake *can* help lower blood pressure, which is a key factor in managing diabetes and reducing your overall cardiovascular risk. The guideline of 2,300 mg per day is a good starting point, and many people benefit from aiming for that.

However, the research you’ve pointed out reveals a really important caution: some studies, particularly those looking at very low sodium intakes – below 2g/day – have actually linked them to *increased* mortality in people with diabetes, specifically in trials like ONTARGET. 

**Here’s what we can take away, and what’s important for you, Peter:**

*   **It's about balance:** Your goal of preventing diabetes is fantastic, and focusing on a balanced diet – like the one you enjoy with bananas and chicken – is a great approach.
*   **Listen to your body:** We need to avoid extremes. Very low sodium intakes might not be beneficial for everyone.
*   **Individualized approach:**  Because you're moderately active, which is fantastic for overall health, we need to focus on a gradual reduction in sodium, monitoring your blood pressure, and seeing how you respond.
*   **Focus on what you *do* include:**  Since you enjoy bananas and chicken, let's focus on building your meals around those delicious foods, while being mindful of hidden sodium in processed snacks (which are something we can work on reducing alongside).

**Moving forward, here’s what I’d recommend we do:**

1.  **Track your sodium intake:** For a week or two, let's see where you're currently getting your sodium from. Many processed foods are surprisingly high in it.
2.  **Gradual reduction:** Let's aim for a modest reduction – perhaps 10-20% – and see how you feel and how your blood pressure responds.
3.  **Focus on flavor without salt:** We can explore lots of ways to make your food delicious without relying on salt – herbs, spices, lemon juice, garlic, and lots of fresh vegetables.

**Important Note:** *I’m not a substitute for your doctor.* It’s crucial that you discuss any changes to your diet with your physician, especially when you're taking preventative measures against diabetes. They can monitor your blood pressure and overall health.

**How are you feeling about all of this, Peter? Is there anything in particular that you're most concerned about, or that you’d like to explore further?**

Would you like me to share some ideas for delicious, low-sodium recipes that you enjoy, like those with chicken and bananas?",200,62.737
44,answerable,Will a low-GI diet lower my A1C?,"Okay, Peter, let’s talk about this – and it’s fantastic that you’re taking such a proactive step to prevent diabetes. It's really commendable that you’re focusing on your health at 39, and it’s wonderful you’re considering how your diet can make a difference.

Based on what you’ve shared, and the information we've discussed about low-GI and low-carb diets, let’s look at how they might help you.

**The Connection Between Diet and A1C**

You’re right to ask if a low-GI or low-carb diet can lower your A1C. And the good news is, there’s a strong connection! Your A1C (which measures your average blood sugar over time) is heavily influenced by the food you eat and how your body processes it. 

**How Low-Carb/Low-GI Can Help**

*   **Reducing Blood Sugar Spikes:** When you eat foods with a low glycemic index (GI), they release glucose into your bloodstream more slowly. This means your blood sugar doesn’t spike dramatically after meals, which is a key factor in preventing insulin resistance – a major step in the development of type 2 diabetes.
*   **The Low-Carb Approach:** The definition we're using – reducing carbs to 26-45% of your daily calories – is particularly powerful. As we discussed, this level of restriction can really help your body become more efficient at using insulin, again reducing the risk of insulin resistance.  A very low-carb approach (around 20-50g of carbohydrates per day) aims to create a state called “nutritional ketosis,” where your body burns fat for energy instead of glucose. 

**Considering Your Preferences & Needs**

Now, let’s look at this through your lens:

*   **You enjoy bananas and chicken:** These are both great choices! Bananas have a moderate GI, but portion control is important. Chicken is lean protein, which is fantastic for managing blood sugar and keeping you feeling full.
*   **You’re mindful of nuts and wheat:** Excellent! Avoiding these will naturally align with a low-GI/low-carb strategy.
*   **Processed Snacks & Sugary Drinks:** These are key areas to address. They tend to be high in simple carbs and added sugars, which will significantly impact your blood sugar. 

**Important Note:** I want to emphasize that this is information to *inform* your choices, not a rigid prescription. 

**Moving Forward**

I strongly suggest we work together to create a sustainable eating plan that fits your tastes and preferences. We can explore specific foods you enjoy while carefully managing portion sizes and focusing on whole, unprocessed options. 

Would you like to start by discussing some strategies for reducing your intake of processed snacks and sugary drinks?  

**Disclaimer:** *I am an AI assistant and not a registered dietitian or medical professional. This information is for general knowledge and informational purposes only, and does not constitute medical advice. It is essential to consult with a qualified healthcare provider for any health concerns or before making any decisions related to your health or treatment.*",200,61.664
45,answerable,Can losing just 5% of my weight help?,"Okay, Peter, let’s talk about this – and I want to start by saying it’s fantastic that you’re being so proactive about preventing diabetes. It’s really smart of you to be thinking about this now, and I’m here to help you feel confident and supported.

Based on what we know from research like the one you mentioned with phentermine/topiramate, losing just 5% of your weight – which would be around 4kg – *absolutely* can make a significant difference in your risk of developing type 2 diabetes. That study showed that a 10% weight loss reduced the risk by 79% over two years, and any further reduction beyond that didn’t offer an additional benefit. 

Think of it this way: even a relatively modest weight loss of 5% can have a really powerful effect on how your body processes sugar and insulin, which are key factors in preventing diabetes. 

Now, considering your preferences – you enjoy bananas and chicken, and you’re mindful of avoiding wheat and nuts – we can absolutely build a plan that works for you. We can focus on incorporating more whole foods like chicken and bananas, and make strategic swaps to reduce the processed snacks and sugary drinks you mentioned. 

It's also really important to remember that weight loss isn’t just about the food – regular physical activity is a *huge* part of the picture.  Studies show that combining exercise with dietary changes is the most effective strategy, and both aerobic and resistance exercises can help. 

I’d love to work with you to create a personalized plan that’s sustainable and enjoyable.  Would you be open to discussing some specific changes we can make, maybe starting with some simple swaps in your diet and exploring some activities you might enjoy? 

**Important Disclaimer:** *I’m an AI and cannot provide medical advice. This information is for educational purposes only. It’s essential to discuss your specific situation and any changes to your diet or exercise routine with your doctor or a registered dietitian.*",200,43.443
46,answerable,How much fiber should I eat daily with diabetes?,"Okay, Peter, let's talk about fiber and how it can be a really helpful tool for you as you're working to prevent diabetes. It’s fantastic that you’re taking this seriously – that’s a huge step!

Based on what we know, and considering your age, activity level, and where you're starting from, aiming for around 14 grams of fiber per 1,000 calories is a really good target. Because you're moderately active, that’s a sensible starting point.

Now, the really exciting thing is that studies have shown that increasing your fiber intake – particularly if it’s at least half of your grains – can actually help manage blood sugar levels. Some research even suggests that going above 50 grams a day could lead to a modest A1C reduction.

However, and this is important, we need to approach this gently. Suddenly loading up on a huge amount of fiber can definitely cause some uncomfortable side effects like gas, bloating, or diarrhea. That’s why we’ll take it slow and steady.

**Here’s what I’d suggest we focus on, keeping your preferences in mind:**

*   **Start Slowly:** Let's begin by adding one extra high-fiber food to your day – perhaps a banana (you already like those!), or some berries.
*   **Whole Grains First:** Prioritize whole intact grains like brown rice, quinoa, or oats. These are packed with fiber and nutrients.
*   **Non-Starchy Veggies:** You're already good to go with incorporating more vegetables – things like carrots, peppers, and leafy greens are excellent sources.
*   **Listen to Your Body:**  Pay attention to how you feel as you increase your fiber intake. Don’t push yourself too hard, and if you experience any discomfort, slow down and increase your intake gradually.

**Regarding your likes and dislikes:** Because you enjoy bananas, we can definitely incorporate those as a source of fiber.  I would also encourage you to explore incorporating more of the non-starchy vegetables you enjoy.

**Important Note:**  Given your allergies to nuts and wheat, we need to be very mindful of cross-contamination and read labels carefully.

I'm here to support you every step of the way, Peter.  Would you like to talk more about specific meal ideas that incorporate these suggestions, or perhaps discuss how to gradually increase your fiber intake?  Let’s work together to make this a sustainable and positive change for you.",200,50.285
47,answerable,Will cutting sugar alone fix my blood sugar?,"Okay, Peter, let’s talk about this – it’s fantastic that you’re taking such a proactive step in preventing diabetes. It’s really smart of you to be thinking about how sugar affects your blood sugar levels.

I want to be really clear about something important: while cutting out sugar entirely *can* definitely make a difference, it’s rarely a complete solution on its own. The information we’ve discussed highlights a really nuanced point. 

Think of it this way: simply swapping sugar for sugar substitutes like saccharin, stevia, or monk fruit – things like that – won’t magically fix everything. As the American Heart Association and ADA have pointed out, there isn’t enough solid proof that these sweeteners *automatically* lead to long-term weight loss or a significant reduction in your blood sugar. It's true – using sugar substitutes doesn't automatically make an unhealthy choice healthy! 

**Here’s what’s actually key, and what we should be focusing on:**

*   **Overall Dietary Pattern:** Your current diet, with those balanced meals and some processed snacks, needs a gentle shift. We need to look at *what* you’re eating alongside the sugar.
*   **Focus on Whole Foods:** Really prioritizing foods like the bananas you enjoy (they’re great for potassium!), lean proteins like chicken, and plenty of vegetables (even if you don't love brussels sprouts, we can find ways to sneak them in!). 
*   **Carbohydrate Control:** Because reducing sugar intake often means we are also cutting back on carbohydrates, portion sizes and types of carbohydrate are crucial.

**Important Note:** Because you’re trying to prevent diabetes, it's really important that we understand how your body responds to different foods. We'll want to track your blood sugar levels after meals to see how your body reacts to your food choices.

**Let’s take things step-by-step.** I want to work with you to create a plan that’s sustainable and enjoyable.  Would you be open to scheduling a follow-up call to discuss your current eating habits in more detail, and perhaps start brainstorming some small, manageable changes we can make together? 

Remember, Peter, you're taking a really positive step toward your health, and I’m here to support you every step of the way. How does that sound to you?",200,49.362
48,answerable,Do I need to monitor glucose more if I drink alcohol?,"Okay, Peter, let’s talk about this – it’s really smart of you to be thinking about how alcohol might affect your diabetes prevention goals. It's fantastic that you're being proactive, and I want to reassure you that we can approach this together.

The short answer is, yes, you absolutely *should* be a bit more mindful of your glucose levels after drinking alcohol. Here's why, and how it relates to what we’re working towards.

**How Alcohol Impacts Your Blood Sugar**

Alcohol can significantly disrupt your body’s ability to manage glucose, and that’s something we need to be aware of, especially given your goal of preventing diabetes. Here's what’s happening:

*   **Reduced Insulin Production:** When you drink, your liver prioritizes processing the alcohol. This can temporarily suppress your pancreas’s ability to produce insulin – the hormone that helps your cells use glucose for energy.
*   **Increased Insulin Resistance:** Alcohol can also make your cells less sensitive to insulin, meaning your body needs *more* insulin to achieve the same effect.
*   **Dehydration:** Alcohol is a diuretic, meaning it makes you urinate more. This dehydration can further concentrate your blood sugar, making it harder to manage.

**Your Situation & What We Can Do**

Given your moderately active lifestyle and your desire to prevent diabetes, paying close attention to your blood sugar after drinking is especially important. It's great you enjoy bananas – they're a good source of carbohydrates, so we’ll need to account for that when you do have them alongside alcohol. 

**Recommendations:**

1.  **Monitor Regularly:** Check your blood glucose levels more frequently – perhaps every 2-3 hours – for several hours after drinking, especially the first few times you try this. This will give you a clearer picture of how alcohol is affecting you.
2.  **Pair with Food:** Always eat something with your alcohol. Since you enjoy chicken, that's a good option! Focus on foods that are low in simple sugars to help slow down alcohol absorption.
3.  **Hydrate:** Drink plenty of water alongside your alcohol to combat dehydration.

**Important Note:** The good news is that moderate alcohol consumption *can* have some positive effects for people with diabetes, like improved insulin sensitivity. However, we need to be very cautious and closely monitor your levels to avoid hypoglycemia (low blood sugar).

**Disclaimer:** *I'm an AI assistant and cannot provide medical advice. It’s crucial to discuss your alcohol consumption with your healthcare provider. They can offer personalized guidance based on your specific situation and monitor your overall health.*

Do you want to talk a little more about what to look for when you're checking your blood sugar levels after drinking, or perhaps discuss some strategies for managing your cravings for sugary drinks?",200,56.245
49,answerable,What's better for diabetes: low-carb or Mediterranean?,"Okay, Peter, let’s talk about this – it’s fantastic that you’re taking such a proactive step in preventing type 2 diabetes. It’s really smart of you to be thinking about your diet now, and I want to be honest with you: the research isn’t completely settled on which eating pattern is *absolutely* the best for everyone with your goal. However, based on what we know, let’s break down the evidence around the Mediterranean and low-carb approaches, considering your specific profile.

You mentioned you enjoy bananas and chicken, and that’s great – those are definitely foods we can build on. And knowing you have allergies to nuts and wheat, and you dislike Brussels sprouts, is super helpful for tailoring a plan.

**What the Research Shows**

The research has shown mixed results. Let’s look at the two you mentioned:

*   **Mediterranean-Style Eating Pattern:** This pattern, rich in fruits, vegetables, olive oil, and fish, has shown *some* positive effects in studies – particularly in bringing down A1C levels and improving lipid profiles. However, it's often mixed with calorie restriction, which can be tricky to maintain long-term.

*   **Low-Carbohydrate Eating Pattern (28% of calories from carbs):**  This is where things get more interesting, and where the research is currently leaning.  A study called DIRECT, which looked at people with type 2 diabetes, found that, after two years, the low-carb group (with 28% of calories from carbohydrates) had the *lowest* A1C levels.  It’s important to note this pattern *didn't* heavily emphasize calorie restriction, which might explain some of the results.

**Considering Your Needs, Peter**

Given your preference for bananas (which contain carbohydrates), and your goal of preventing diabetes, a moderately active lifestyle, let’s consider a modified approach.  A truly strict low-carb diet might be difficult for you to sustain and potentially limit your enjoyment of foods.

**Here’s what I’d recommend we explore:**

1.  **Moderate Carbohydrate Intake:** Instead of a very low-carb approach, let's aim for a moderate intake – around 45-60 grams of carbohydrates per day. This will help manage your blood sugar effectively while still allowing you to enjoy your bananas and some other healthy foods.

2.  **Prioritize Whole Foods:** Let's build your meals around whole, unprocessed foods – plenty of lean protein like chicken, non-starchy vegetables (think leafy greens, peppers, zucchini), and healthy fats like olive oil.

3.  **Be Mindful of Portions:** Even with healthy foods, portion control is crucial. 

4.  **Continue Monitoring:** Regular blood sugar monitoring will be really important to see how different foods affect you.

**Important Note:** This is a starting point, Peter. I want to emphasize this is not a rigid prescription, but a framework we can adjust as we learn more about how *you* respond. 

**Next Steps:**

*   I'd like to schedule a follow-up to delve deeper into this. We can discuss specific meal ideas that align with your tastes and your blood sugar goals. 
*   Would you be open to tracking your food intake for a week to get a better sense of your current eating habits?

Remember, Peter, you’re taking a really positive step. Let's work together to find a sustainable eating pattern that supports your health and well-being.

Do you have any initial questions or thoughts about what we’ve discussed?",200,69.484
50,answerable,Does meal timing affect blood sugar?,"Okay, Peter, let’s talk about this really important topic – how meal timing and eating patterns can affect your blood sugar and your goal of preventing diabetes. It's fantastic that you’re being so proactive, and I want to assure you that we can explore this together.

The research we’ve looked at paints a really interesting picture. It seems that focusing on *how much* carbohydrate you eat, and *when* you eat it, can have a significant impact. 

Let’s break down what the studies are telling us:

**What the Research Says About Eating Patterns:**

*   **Very Low Carbohydrate (VLC) Eating Patterns:** The first study with 10 participants showed a VLC pattern – aiming for just 47 grams of carbohydrate a day – led to better blood sugar control. People experienced less “ups and downs” in their blood sugar, needed less insulin, and spent more time with blood sugar levels within a healthy range. The second study with 48 participants, with a goal of 75g or less, saw similar positive effects – reduced A1C (a measure of long-term blood sugar control), lower triglycerides, and an increase in ‘good’ cholesterol (HDL-C) after just 3 months, and these benefits persisted even after 4 years!

**Important Considerations for You, Peter:**

Given your profile – moderately active, a balanced diet with some processed snacks and sugary drinks, and your goal of preventing diabetes – these findings suggest that shifting towards a lower carbohydrate eating pattern *could* be a beneficial step for you. 

**Let’s be realistic and practical:**  We want to make this sustainable for you, given you enjoy bananas and chicken. It's important not to drastically restrict your diet, especially considering your preference for those foods.

**Here’s what I recommend we explore further:**

1.  **Gradual Reduction:** Instead of a sudden change, we can aim to gradually reduce the amount of carbohydrates you consume, particularly from processed snacks and sugary drinks.  
2.  **Meal Timing:**  It's not *just* about *how much* carb you eat, but *when* you eat them. Eating a balanced meal with protein and healthy fats around the time you exercise can help manage blood sugar levels.
3.  **Prioritize Whole Foods:** Let’s focus on incorporating more whole, unprocessed foods – like your bananas and chicken – which will naturally help stabilize blood sugar.

**Disclaimer:** *I want to be absolutely clear: I am an AI assistant and not a medical doctor. This information is for educational purposes only and does not constitute medical advice. It is crucial to discuss any changes to your diet or treatment plan with your own healthcare provider, who can assess your individual needs and medical history.*

**Next Steps:**

I'd like to delve deeper into your current eating habits. Could you tell me a little more about:

*   A typical day of eating – what do you usually have for breakfast, lunch, dinner, and snacks?
*   How much sugary drinks do you typically consume?
*   Do you exercise regularly, and if so, when?

Let’s work together to create a plan that’s both effective and enjoyable for you!  Don’t worry, Peter – you’ve taken a fantastic first step by asking this question, and I’m here to support you every step of the way.",200,65.858
